study,seed,wr,burn_mult,thr,exit_z,block_h,min_n,epd,dust,cad,cool,stat,gamma,tau,join_day,cleared,clear_day,steady_share,sk_paid_pd,sk_trades,noise_paid_pd,mom_ev_pd,noise_passes,noise_pass_epochs,entries,quits,rereg,eq_crowd,unalloc_steady
wr,0,0.35,0.0,1.25,0.5,168.0,4,1,0.02,12,84,ret,0.25,1.0,0.0,1,89.0,0.09621421273801214,119.421182308546,198,12.83548435812341,-0.024924692020574582,0,0.0,48,47,0,0.9329608938547486,0.8841899441340786
wr,1,0.35,0.0,1.25,0.5,168.0,4,1,0.02,12,84,ret,0.25,1.0,0.0,1,61.0,0.98,493.63651463078804,200,13.463485369071355,0.0041295864246316955,0,0.0,48,47,0,0.9329608938547486,-1.111256751836167e-17
wr,2,0.35,0.0,1.25,0.5,168.0,4,1,0.02,12,84,ret,0.25,1.0,0.0,1,50.5,0.3819193148438914,394.5787054218319,198,163.03546124477532,3.54483418297332,2,9336.0,48,47,0,0.9329608938547486,9.512874659323094e-17
wr,3,0.35,0.0,1.25,0.5,168.0,4,1,0.02,12,84,ret,0.25,1.0,0.0,1,50.0,0.07035254908109209,69.01806355294204,199,420.0952697803608,7.00281066938285,2,14376.0,48,47,0,0.9329608938547486,8.212962691477531e-17
wr,4,0.35,0.0,1.25,0.5,168.0,4,1,0.02,12,84,ret,0.25,1.0,0.0,1,127.5,0.3046617412890883,239.57667240587259,200,293.530827594145,6.079660485806239,2,14376.0,48,47,0,0.9329608938547486,7.326541608036124e-17
wr,5,0.35,0.0,1.25,0.5,168.0,4,1,0.02,12,84,ret,0.25,1.0,0.0,1,29.0,0.0,216.02824909164198,198,241.7159175749835,4.952511879493785,1,5592.0,48,47,0,0.9329608938547486,1.0479409601617807e-16
wr,6,0.35,0.0,1.25,0.5,168.0,4,1,0.02,12,84,ret,0.25,1.0,0.0,1,128.0,0.5336647469336613,334.3561641104059,198,255.60133588958712,5.254102732675965,1,10632.0,48,47,0,0.9329608938547486,9.530964885515776e-17
wr,7,0.35,0.0,1.25,0.5,168.0,4,1,0.02,12,84,ret,0.25,1.0,0.0,1,29.0,0.20540570558529656,406.98185122584727,200,129.70564877407085,2.5131374347886446,1,3744.0,48,47,0,0.9329608938547486,0.12592178770949727
wr,8,0.35,0.0,1.25,0.5,168.0,4,1,0.02,12,84,ret,0.25,1.0,0.0,1,50.5,0.015685787836374337,187.16875119940207,199,433.49458213390824,7.76937630312433,2,14376.0,48,47,0,0.9329608938547486,2.0597014679381977e-17
wr,9,0.35,0.0,1.25,0.5,168.0,4,1,0.02,12,84,ret,0.25,1.0,0.0,1,188.5,0.4880083634797037,307.45998901642844,196,201.51751098359557,3.9079349799823166,2,14376.0,48,47,0,0.9329608938547486,5.5485308050982565e-17
wr,0,0.4,0.0,1.25,0.5,168.0,4,1,0.02,12,84,ret,0.25,1.0,0.0,1,86.0,0.596759776536313,527.7061889011497,198,13.210477765361025,-0.01708874475566747,0,0.0,48,47,0,0.9329608938547486,0.3832402234636873
wr,1,0.4,0.0,1.25,0.5,168.0,4,1,0.02,12,84,ret,0.25,1.0,0.0,1,61.0,0.98,571.0550417367618,197,13.464958263062945,0.004226898950781495,0,0.0,48,47,0,0.9329608938547486,-1.4265435511943353e-17
wr,2,0.4,0.0,1.25,0.5,168.0,4,1,0.02,12,84,ret,0.25,1.0,0.0,1,50.5,0.4426988320153777,421.79573100897824,198,151.98843565762724,3.2818097642316983,2,9336.0,48,47,0,0.9329608938547486,9.267364446708128e-17
wr,3,0.4,0.0,1.25,0.5,168.0,4,1,0.02,12,84,ret,0.25,1.0,0.0,1,50.5,0.49541165114346075,370.64911113775617,198,152.29088886225117,2.3894828506137045,2,14376.0,48,47,0,0.9329608938547486,5.651903526199295e-17
wr,4,0.4,0.0,1.25,0.5,168.0,4,1,0.02,12,84,ret,0.25,1.0,0.0,1,92.5,0.47708197528164653,423.2749048169819,198,198.31259518303384,4.009301006923668,2,14376.0,48,47,0,0.9329608938547486,6.659787556934424e-17
wr,5,0.4,0.0,1.25,0.5,168.0,4,1,0.02,12,84,ret,0.25,1.0,0.0,1,29.0,0.5147399198358311,391.2665549324997,198,143.53761173411573,2.818196073211476,1,5592.0,48,47,0,0.9329608938547486,1.0450982103315021e-16
wr,6,0.4,0.0,1.25,0.5,168.0,4,1,0.02,12,84,ret,0.25,1.0,0.0,1,36.0,0.9412239736893764,512.8232378205481,198,84.20092884612971,1.528129719168356,1,10632.0,48,47,0,0.9329608938547486,9.905690999507041e-17
wr,7,0.4,0.0,1.25,0.5,168.0,4,1,0.02,12,84,ret,0.25,1.0,0.0,1,29.0,0.4849342304026113,526.5974571680946,199,98.78004283176959,1.8408416534342695,1,3744.0,48,47,0,0.9329608938547486,0.019162011173184376
wr,8,0.4,0.0,1.25,0.5,168.0,4,1,0.02,12,84,ret,0.25,1.0,0.0,1,50.5,0.22491334691914877,324.2447185601624,197,306.2186147731723,5.412871624830321,2,14376.0,48,47,0,0.9329608938547486,1.783179438992919e-18
wr,9,0.4,0.0,1.25,0.5,168.0,4,1,0.02,12,84,ret,0.25,1.0,0.0,1,135.5,0.6015235957201607,397.3996483390045,198,128.23785166099938,2.3812754107615626,2,14376.0,48,47,0,0.9329608938547486,5.685499660557133e-17
wr,0,0.45,0.0,1.25,0.5,168.0,4,1,0.02,12,84,ret,0.25,1.0,0.0,1,29.0,0.7883798882681564,625.0640712511967,198,13.593428748603921,-0.009418448745170983,0,0.0,48,47,0,0.9329608938547486,0.19162011173184365
wr,1,0.45,0.0,1.25,0.5,168.0,4,1,0.02,12,84,ret,0.25,1.0,0.0,1,61.0,0.9800000000000002,641.9504331484172,196,13.619566851375826,0.00710773022394038,0,0.0,48,47,0,0.9329608938547486,-1.3955317348640237e-17
wr,2,0.45,0.0,1.25,0.5,168.0,4,1,0.02,12,84,ret,0.25,1.0,0.0,1,50.5,0.5303181021053806,537.4728842425058,198,128.61044909072402,2.72481644253339,2,9336.0,48,47,0,0.9329608938547486,9.060619004506049e-17
wr,3,0.45,0.0,1.25,0.5,168.0,4,1,0.02,12,84,ret,0.25,1.0,0.0,1,50.5,0.552826509376269,387.6066720985168,198,135.3333279014829,2.097053043188702,2,14376.0,48,47,0,0.9329608938547486,6.233375082392639e-17
wr,4,0.45,0.0,1.25,0.5,168.0,4,1,0.02,12,84,ret,0.25,1.0,0.0,1,92.5,0.5657015135246021,459.2500542905488,196,162.33744570945524,3.227232540106741,2,14376.0,48,47,0,0.9329608938547486,6.248880990557795e-17
wr,5,0.45,0.0,1.25,0.5,168.0,4,1,0.02,12,84,ret,0.25,1.0,0.0,1,29.0,0.8288923234769691,478.27263457052385,198,83.97153209607556,1.5232921834275586,1,5592.0,48,47,0,0.9329608938547486,1.0430307559094813e-16
wr,6,0.45,0.0,1.25,0.5,168.0,4,1,0.02,12,84,ret,0.25,1.0,0.0,1,36.0,0.7689696616843065,526.5630564269132,197,104.27111023975428,1.9644363495475714,1,10632.0,48,47,0,0.9329608938547486,9.052866050423471e-17
wr,7,0.45,0.0,1.25,0.5,168.0,4,1,0.02,12,84,ret,0.25,1.0,0.0,1,29.0,0.5629322860452176,588.5791091281054,199,88.24839087174347,1.6118926977815282,1,3744.0,48,47,0,0.9329608938547486,1.457555367524647e-17
wr,8,0.45,0.0,1.25,0.5,168.0,4,1,0.02,12,84,ret,0.25,1.0,0.0,1,43.5,0.506345302210311,495.7655577137992,196,172.83110895282184,2.9427326281571657,2,14376.0,48,47,0,0.9329608938547486,-1.0776606174783293e-17
wr,9,0.45,0.0,1.25,0.5,168.0,4,1,0.02,12,84,ret,0.25,1.0,0.0,1,50.5,0.6102098745068907,406.5207234671263,198,122.6659431995142,2.265193984480621,2,14376.0,48,47,0,0.9329608938547486,5.292683320373186e-17
wr,0,0.5,0.0,1.25,0.5,168.0,4,1,0.02,12,84,ret,0.25,1.0,0.0,1,29.0,0.98,673.582905268554,197,13.584594731225007,-0.009595129092749267,0,0.0,48,47,0,0.9329608938547486,1.3722728726162899e-17
wr,1,0.5,0.0,1.25,0.5,168.0,4,1,0.02,12,84,ret,0.25,1.0,0.0,1,58.0,0.9800000000000002,644.8907042084517,197,13.619295791339999,0.0071028898661577924,0,0.0,48,47,0,0.9329608938547486,-1.2068765188546278e-17
wr,2,0.5,0.0,1.25,0.5,168.0,4,1,0.02,12,84,ret,0.25,1.0,0.0,1,36.0,0.5426630542711849,550.590888785601,199,129.8566112143164,2.754223906975716,2,9336.0,48,47,0,0.9329608938547486,9.145901499414407e-17
wr,3,0.5,0.0,1.25,0.5,168.0,4,1,0.02,12,84,ret,0.25,1.0,0.0,1,36.0,0.5968429667722625,516.1368482659171,199,122.42398506742094,1.8754200779272194,2,14376.0,48,47,0,0.9329608938547486,6.044719866383243e-17
wr,4,0.5,0.0,1.25,0.5,168.0,4,1,0.02,12,84,ret,0.25,1.0,0.0,1,29.0,0.5892971684571594,546.1511208574575,198,140.9663791425058,2.7626597765764704,2,14376.0,48,47,0,0.9329608938547486,6.507312793310391e-17
wr,5,0.5,0.0,1.25,0.5,168.0,4,1,0.02,12,84,ret,0.25,1.0,0.0,1,29.0,0.9093910661704229,625.8977412052596,198,61.21975879461544,1.0286352235972154,1,5592.0,48,47,0,0.9329608938547486,1.0223562116892736e-16
wr,6,0.5,0.0,1.25,0.5,168.0,4,1,0.02,12,84,ret,0.25,1.0,0.0,1,29.0,0.9799353154570594,631.977574328609,197,55.136592338008185,0.8958512357061025,1,10632.0,48,47,0,0.9329608938547486,9.18208195179977e-17
wr,7,0.5,0.0,1.25,0.5,168.0,4,1,0.02,12,84,ret,0.25,1.0,0.0,1,29.0,0.6046547962315904,606.3374384514586,198,80.78006154838016,1.4495377124910216,1,3744.0,48,47,0,0.9329608938547486,1.4136219610567055e-17
wr,8,0.5,0.0,1.25,0.5,168.0,4,1,0.02,12,84,ret,0.25,1.0,0.0,1,29.0,0.5413658397546723,536.8029576321828,197,141.93120903445123,2.370526697106174,2,14376.0,48,47,0,0.9329608938547486,6.3574223477138854e-18
wr,9,0.5,0.0,1.25,0.5,168.0,4,1,0.02,12,84,ret,0.25,1.0,0.0,1,50.5,0.6212790237046129,465.9002093648133,198,112.7764573018544,2.0591630282793756,2,14376.0,48,47,0,0.9329608938547486,5.845727378263743e-17
wr,0,0.55,0.0,1.25,0.5,168.0,4,1,0.02,12,84,ret,0.25,1.0,0.0,1,29.0,0.9800000000000002,673.582905268554,197,13.584594731225007,-0.009595129092749267,0,0.0,48,47,0,0.9329608938547486,1.2430569712399914e-17
wr,1,0.55,0.0,1.25,0.5,168.0,4,1,0.02,12,84,ret,0.25,1.0,0.0,1,58.0,0.9800000000000002,644.8907042084517,197,13.619295791339999,0.0071028898661577924,0,0.0,48,47,0,0.9329608938547486,-1.0699076633957514e-17
wr,2,0.55,0.0,1.25,0.5,168.0,4,1,0.02,12,84,ret,0.25,1.0,0.0,1,36.0,0.5967232910500617,564.4859112494045,197,115.9615887504666,2.423390038788816,2,9336.0,48,47,0,0.9329608938547486,8.716904706845096e-17
wr,3,0.55,0.0,1.25,0.5,168.0,4,1,0.02,12,84,ret,0.25,1.0,0.0,1,36.0,0.624723502015064,565.5216240883025,197,114.68920924500426,1.7420618740924485,2,14376.0,48,47,0,0.9329608938547486,4.535478138308077e-17
wr,4,0.55,0.0,1.25,0.5,168.0,4,1,0.02,12,84,ret,0.25,1.0,0.0,1,29.0,0.5583498992367417,552.2572194293228,195,134.8602805706784,2.629918503275875,2,14376.0,48,47,0,0.9329608938547486,6.217869174227483e-17
wr,5,0.55,0.0,1.25,0.5,168.0,4,1,0.02,12,84,ret,0.25,1.0,0.0,1,29.0,0.9360519133860943,639.2470742574496,197,47.8704257424468,0.7384323311587669,1,5592.0,48,47,0,0.9329608938547486,1.0453566421342547e-16
wr,6,0.55,0.0,1.25,0.5,168.0,4,1,0.02,12,84,ret,0.25,1.0,0.0,1,29.0,0.9799519171275127,637.021861143612,195,50.09230552303247,0.7861928266848912,1,10632.0,48,47,0,0.9329608938547486,9.383658757946796e-17
wr,7,0.55,0.0,1.25,0.5,168.0,4,1,0.02,12,84,ret,0.25,1.0,0.0,1,29.0,0.6561947628062573,615.5630924683423,197,71.5544075315152,1.2489800164722176,1,3744.0,48,47,0,0.9329608938547486,1.3877787807814457e-17
wr,8,0.55,0.0,1.25,0.5,168.0,4,1,0.02,12,84,ret,0.25,1.0,0.0,1,29.0,0.629312776915048,569.9518699874841,195,117.11229667917598,1.910917209045522,2,14376.0,48,47,0,0.9329608938547486,-4.419183827069408e-18
wr,9,0.55,0.0,1.25,0.5,168.0,4,1,0.02,12,84,ret,0.25,1.0,0.0,1,50.5,0.6620511559055487,531.6616413382228,197,103.36502532845103,1.8630915288334715,2,14376.0,48,47,0,0.9329608938547486,5.858648968401373e-17
wr,0,0.6,0.0,1.25,0.5,168.0,4,1,0.02,12,84,ret,0.25,1.0,0.0,1,25.5,0.9800000000000002,676.966436799839,196,13.611063199938489,-0.009065759718479637,0,0.0,48,47,0,0.9329608938547486,1.193954928716998e-17
wr,1,0.6,0.0,1.25,0.5,168.0,4,1,0.02,12,84,ret,0.25,1.0,0.0,1,71.5,0.98,631.8616623551766,195,13.485004311287591,0.004704827722364739,0,0.0,48,47,0,0.9329608938547486,-1.3076649219281406e-17
wr,2,0.6,0.0,1.25,0.5,168.0,4,1,0.02,12,84,ret,0.25,1.0,0.0,1,36.0,0.6123736308964874,571.1974689203905,198,109.2500310795111,2.2635910466232088,2,9336.0,48,47,0,0.9329608938547486,9.189834905882348e-17
wr,3,0.6,0.0,1.25,0.5,168.0,4,1,0.02,12,84,ret,0.25,1.0,0.0,1,36.0,0.6485973492591482,571.8538150560486,197,108.35701827725549,1.6328861677519528,2,14376.0,48,47,0,0.9329608938547486,5.830221470098587e-17
wr,4,0.6,0.0,1.25,0.5,168.0,4,1,0.02,12,84,ret,0.25,1.0,0.0,1,29.0,0.5964666148427249,571.5183167960705,195,115.59918320388047,2.2111989953020066,2,14376.0,48,47,0,0.9329608938547486,6.621022786521534e-17
wr,5,0.6,0.0,1.25,0.5,168.0,4,1,0.02,12,84,ret,0.25,1.0,0.0,1,29.0,0.9527846531629739,646.74327032027,194,40.374229679577425,0.5754715471833457,1,5592.0,48,47,0,0.9329608938547486,1.0319181883911197e-16
wr,6,0.6,0.0,1.25,0.5,168.0,4,1,0.02,12,84,ret,0.25,1.0,0.0,1,29.0,0.9799732434666851,638.2048905991489,195,48.90927606745824,0.760474795041973,1,10632.0,48,47,0,0.9329608938547486,9.742878963772905e-17
wr,7,0.6,0.0,1.25,0.5,168.0,4,1,0.02,12,84,ret,0.25,1.0,0.0,1,22.0,0.6568913293877336,622.4413737019847,196,71.45612629786267,1.2467975475938047,1,3744.0,48,47,0,0.9329608938547486,1.591939904955997e-17
wr,8,0.6,0.0,1.25,0.5,168.0,4,1,0.02,12,84,ret,0.25,1.0,0.0,1,29.0,0.6272202852399741,574.5078405091336,196,112.55632615746785,1.8265473845694447,2,14376.0,48,47,0,0.9329608938547486,3.876477041288954e-19
wr,9,0.6,0.0,1.25,0.5,168.0,4,1,0.02,12,84,ret,0.25,1.0,0.0,1,50.5,0.7098513500470554,571.8583422267483,196,94.03832443989327,1.6687852603218516,2,14376.0,48,47,0,0.9329608938547486,5.483922854410108e-17
wr,0,0.65,0.0,1.25,0.5,168.0,4,1,0.02,12,84,ret,0.25,1.0,0.0,1,25.5,0.9800000000000002,676.966436799839,195,13.611063199938489,-0.009065759718479637,0,0.0,48,47,0,0.9329608938547486,1.3774415086713418e-17
wr,1,0.65,0.0,1.25,0.5,168.0,4,1,0.02,12,84,ret,0.25,1.0,0.0,1,29.0,0.9800000000000002,673.4327225111275,195,13.618110821984837,0.0069214597405366785,0,0.0,48,47,0,0.9329608938547486,-1.5945242229835233e-17
wr,2,0.65,0.0,1.25,0.5,168.0,4,1,0.02,12,84,ret,0.25,1.0,0.0,1,36.0,0.640452700914795,579.7364452495628,195,100.71105475031965,2.0602820864043645,2,9336.0,48,47,0,0.9329608938547486,9.11747400111162e-17
wr,3,0.65,0.0,1.25,0.5,168.0,4,1,0.02,12,84,ret,0.25,1.0,0.0,1,29.0,0.6754661222502488,587.1367675293446,196,99.86406580398625,1.486455952695586,2,14376.0,48,47,0,0.9329608938547486,4.817168803308407e-17
wr,4,0.65,0.0,1.25,0.5,168.0,4,1,0.02,12,84,ret,0.25,1.0,0.0,1,29.0,0.6439811234125216,582.481198093312,195,104.63630190667007,1.9729098988862923,2,14376.0,48,47,0,0.9329608938547486,6.391018482071722e-17
wr,5,0.65,0.0,1.25,0.5,168.0,4,1,0.02,12,84,ret,0.25,1.0,0.0,1,29.0,0.9539088602055106,647.6495020353808,195,39.46799796448546,0.5557708577248247,1,5592.0,48,47,0,0.9329608938547486,1.0598288230884002e-16
wr,6,0.65,0.0,1.25,0.5,168.0,4,1,0.02,12,84,ret,0.25,1.0,0.0,1,29.0,0.9799755946981521,640.8448299175369,195,46.32267008245175,0.7042802849325281,1,10632.0,48,47,0,0.9329608938547486,1.0603456866939053e-16
wr,7,0.65,0.0,1.25,0.5,168.0,4,1,0.02,12,84,ret,0.25,1.0,0.0,1,22.0,0.6699995852488557,624.7877515011254,195,69.10974849872291,1.1957893345690271,1,3744.0,48,47,0,0.9329608938547486,1.6694694457817763e-17
wr,8,0.65,0.0,1.25,0.5,168.0,4,1,0.02,12,84,ret,0.25,1.0,0.0,1,29.0,0.6696135930018609,584.1463693119749,196,102.91779735466704,1.6480561104435043,2,14376.0,48,47,0,0.9329608938547486,-1.1215940239462709e-17
wr,9,0.65,0.0,1.25,0.5,168.0,4,1,0.02,12,84,ret,0.25,1.0,0.0,1,47.0,0.7130239649098484,581.1786441722198,195,88.21802249445282,1.5475289697918424,2,14376.0,48,47,0,0.9329608938547486,5.876739194594055e-17
wr,0,0.7,0.0,1.25,0.5,168.0,4,1,0.02,12,84,ret,0.25,1.0,0.0,1,25.5,0.98,676.966436799839,194,13.611063199938489,-0.009065759718479637,0,0.0,48,47,0,0.9329608938547486,1.3180021940382445e-17
wr,1,0.7,0.0,1.25,0.5,168.0,4,1,0.02,12,84,ret,0.25,1.0,0.0,1,29.0,0.9800000000000002,673.4327225111275,195,13.618110821984837,0.0069214597405366785,0,0.0,48,47,0,0.9329608938547486,-1.615198767203731e-17
wr,2,0.7,0.0,1.25,0.5,168.0,4,1,0.02,12,84,ret,0.25,1.0,0.0,1,29.0,0.6473059060099785,588.6907123285972,194,98.47678767127283,2.007085251188964,2,9336.0,48,47,0,0.9329608938547486,8.902975604826965e-17
wr,3,0.7,0.0,1.25,0.5,168.0,4,1,0.02,12,84,ret,0.25,1.0,0.0,1,29.0,0.6756446485907769,587.1371640772076,194,99.8636692560816,1.4864491156627473,2,14376.0,48,47,0,0.9329608938547486,5.737186021107653e-17
wr,4,0.7,0.0,1.25,0.5,168.0,4,1,0.02,12,84,ret,0.25,1.0,0.0,1,22.0,0.6877508624728886,600.3517739011401,193,93.54572609884167,1.731753812330703,2,14376.0,48,47,0,0.9329608938547486,6.667540511017002e-17
wr,5,0.7,0.0,1.25,0.5,168.0,4,1,0.02,12,84,ret,0.25,1.0,0.0,1,29.0,0.9523305920182286,646.7481704867623,195,40.36932951314906,0.5753650218262074,1,5592.0,48,47,0,0.9329608938547486,1.0890316167994436e-16
wr,6,0.7,0.0,1.25,0.5,168.0,4,1,0.02,12,84,ret,0.25,1.0,0.0,1,29.0,0.9799805536142738,643.3250032255252,196,43.84249677443187,0.6503634738886177,1,10632.0,48,47,0,0.9329608938547486,1.0830876853361339e-16
wr,7,0.7,0.0,1.25,0.5,168.0,4,1,0.02,12,84,ret,0.25,1.0,0.0,1,22.0,0.6829128369405009,627.0992235539337,195,66.79827644591931,1.1455399421167751,1,3744.0,48,47,0,0.9329608938547486,1.2482256072950433e-17
wr,8,0.7,0.0,1.25,0.5,168.0,4,1,0.02,12,84,ret,0.25,1.0,0.0,1,29.0,0.6784267679090277,586.9721643203521,196,100.0920023462845,1.5957265732512351,2,14376.0,48,47,0,0.9329608938547486,-6.3574223477138854e-18
wr,9,0.7,0.0,1.25,0.5,168.0,4,1,0.02,12,84,ret,0.25,1.0,0.0,1,36.0,0.7280220556618345,593.9233771491447,195,86.47078951751041,1.511128282772209,2,14376.0,48,47,0,0.9329608938547486,6.067978728630977e-17
wr,0,0.75,0.0,1.25,0.5,168.0,4,1,0.02,12,84,ret,0.25,1.0,0.0,1,25.5,0.98,676.966436799839,194,13.611063199938489,-0.009065759718479637,0,0.0,48,47,0,0.9329608938547486,1.622951721286309e-17
wr,1,0.75,0.0,1.25,0.5,168.0,4,1,0.02,12,84,ret,0.25,1.0,0.0,1,29.0,0.98,673.4327225111275,196,13.618110821984837,0.0069214597405366785,0,0.0,48,47,0,0.9329608938547486,-1.535084908350426e-17
wr,2,0.75,0.0,1.25,0.5,168.0,4,1,0.02,12,84,ret,0.25,1.0,0.0,1,29.0,0.6616779110807637,593.9556162167532,194,93.21188378312056,1.8818025543224588,2,9336.0,48,47,0,0.9329608938547486,8.507574946615492e-17
wr,3,0.75,0.0,1.25,0.5,168.0,4,1,0.02,12,84,ret,0.25,1.0,0.0,1,29.0,0.680042123541238,590.5725196855292,194,96.47831364776106,1.4280809155192895,2,14376.0,48,47,0,0.9329608938547486,5.837974424181165e-17
wr,4,0.75,0.0,1.25,0.5,168.0,4,1,0.02,12,84,ret,0.25,1.0,0.0,1,22.0,0.6914453362716525,602.6413313328304,193,91.25616866712937,1.6819808246847838,2,14376.0,48,47,0,0.9329608938547486,6.621022786521534e-17
wr,5,0.75,0.0,1.25,0.5,168.0,4,1,0.02,12,84,ret,0.25,1.0,0.0,1,29.0,0.9546630446389366,648.3642143677758,195,38.753285632088264,0.5402336331074944,1,5592.0,48,47,0,0.9329608938547486,1.0711998224095143e-16
wr,6,0.75,0.0,1.25,0.5,168.0,4,1,0.02,12,84,ret,0.25,1.0,0.0,1,29.0,0.9799812033468595,645.17862896293,196,41.988871037022975,0.6100672622058156,1,10632.0,48,47,0,0.9329608938547486,9.84883600290147e-17
wr,7,0.75,0.0,1.25,0.5,168.0,4,1,0.02,12,84,ret,0.25,1.0,0.0,1,22.0,0.7015945255316218,630.4432458117554,193,63.4542541881073,1.0728438060773837,1,3744.0,48,47,0,0.9329608938547486,1.3438453743135042e-17
wr,8,0.75,0.0,1.25,0.5,168.0,4,1,0.02,12,84,ret,0.25,1.0,0.0,1,25.5,0.6935457323934385,597.5042628607713,193,93.02323713917829,1.4648091900161961,2,14376.0,48,47,0,0.9329608938547486,-1.02597425692781e-17
wr,9,0.75,0.0,1.25,0.5,168.0,4,1,0.02,12,84,ret,0.25,1.0,0.0,1,36.0,0.7370030995102693,596.7868094021466,195,83.6073572644627,1.4514734441670485,2,14376.0,48,47,0,0.9329608938547486,6.30315166913584e-17
threshold,0,0.5,0.0,1.25,,168.0,4,1,0.02,12,84,ret,0.25,1.0,0.0,1,29.0,0.98,666.7891668886894,197,13.518333111092563,-0.010949442735024215,0,0.0,48,47,0,0.9329608938547486,1.3722728726162899e-17
threshold,1,0.5,0.0,1.25,,168.0,4,1,0.02,12,84,ret,0.25,1.0,0.0,1,58.0,0.9800000000000002,622.4272519020974,197,13.542748097704095,0.005594747133348885,0,0.0,48,47,0,0.9329608938547486,-1.2068765188546278e-17
threshold,2,0.5,0.0,1.25,,168.0,4,1,0.02,12,84,ret,0.25,1.0,0.0,1,36.0,0.5426630542711849,547.2157967858576,199,129.80170321406123,2.7532070921561766,2,9336.0,48,47,0,0.9329608938547486,9.145901499414407e-17
threshold,3,0.5,0.0,1.25,,168.0,4,1,0.02,12,84,ret,0.25,1.0,0.0,1,36.0,0.5968429667722625,453.18238932486975,199,122.1684440084833,1.870666418303798,2,14376.0,48,47,0,0.9329608938547486,6.044719866383243e-17
threshold,4,0.5,0.0,1.25,,168.0,4,1,0.02,12,84,ret,0.25,1.0,0.0,1,29.0,0.5892971684571594,504.96703384281506,198,140.58713282383093,2.7544458420806994,2,14376.0,48,47,0,0.9329608938547486,6.507312793310391e-17
threshold,0,0.5,0.0,1.25,0.25,168.0,4,1,0.02,12,84,ret,0.25,1.0,0.0,1,29.0,0.98,673.582905268554,197,13.584594731225007,-0.009595129092749267,0,0.0,48,47,0,0.9329608938547486,1.3722728726162899e-17
threshold,1,0.5,0.0,1.25,0.25,168.0,4,1,0.02,12,84,ret,0.25,1.0,0.0,1,58.0,0.9800000000000002,644.8907042084517,197,13.619295791339999,0.0071028898661577924,0,0.0,48,47,0,0.9329608938547486,-1.2068765188546278e-17
threshold,2,0.5,0.0,1.25,0.25,168.0,4,1,0.02,12,84,ret,0.25,1.0,0.0,1,36.0,0.5426630542711849,550.590888785601,199,129.8566112143164,2.754223906975716,2,9336.0,48,47,0,0.9329608938547486,9.145901499414407e-17
threshold,3,0.5,0.0,1.25,0.25,168.0,4,1,0.02,12,84,ret,0.25,1.0,0.0,1,36.0,0.5968429667722625,516.1368482659171,199,122.42398506742094,1.8754200779272194,2,14376.0,48,47,0,0.9329608938547486,6.044719866383243e-17
threshold,4,0.5,0.0,1.25,0.25,168.0,4,1,0.02,12,84,ret,0.25,1.0,0.0,1,29.0,0.5892971684571594,546.1511208574575,198,140.9663791425058,2.7626597765764704,2,14376.0,48,47,0,0.9329608938547486,6.507312793310391e-17
threshold,0,0.5,0.0,1.25,0.5,168.0,4,1,0.02,12,84,ret,0.25,1.0,0.0,1,29.0,0.98,673.582905268554,197,13.584594731225007,-0.009595129092749267,0,0.0,48,47,0,0.9329608938547486,1.3722728726162899e-17
threshold,1,0.5,0.0,1.25,0.5,168.0,4,1,0.02,12,84,ret,0.25,1.0,0.0,1,58.0,0.9800000000000002,644.8907042084517,197,13.619295791339999,0.0071028898661577924,0,0.0,48,47,0,0.9329608938547486,-1.2068765188546278e-17
threshold,2,0.5,0.0,1.25,0.5,168.0,4,1,0.02,12,84,ret,0.25,1.0,0.0,1,36.0,0.5426630542711849,550.590888785601,199,129.8566112143164,2.754223906975716,2,9336.0,48,47,0,0.9329608938547486,9.145901499414407e-17
threshold,3,0.5,0.0,1.25,0.5,168.0,4,1,0.02,12,84,ret,0.25,1.0,0.0,1,36.0,0.5968429667722625,516.1368482659171,199,122.42398506742094,1.8754200779272194,2,14376.0,48,47,0,0.9329608938547486,6.044719866383243e-17
threshold,4,0.5,0.0,1.25,0.5,168.0,4,1,0.02,12,84,ret,0.25,1.0,0.0,1,29.0,0.5892971684571594,546.1511208574575,198,140.9663791425058,2.7626597765764704,2,14376.0,48,47,0,0.9329608938547486,6.507312793310391e-17
threshold,0,0.5,0.0,1.25,1.0,168.0,4,1,0.02,12,84,ret,0.25,1.0,0.0,1,29.0,0.98,673.582905268554,197,13.584594731225007,-0.009595129092749267,0,0.0,48,47,0,0.9329608938547486,1.3722728726162899e-17
threshold,1,0.5,0.0,1.25,1.0,168.0,4,1,0.02,12,84,ret,0.25,1.0,0.0,1,58.0,0.9800000000000002,622.4272519020974,197,13.542748097704095,0.005594747133348885,0,0.0,48,47,0,0.9329608938547486,-1.2068765188546278e-17
threshold,2,0.5,0.0,1.25,1.0,168.0,4,1,0.02,12,84,ret,0.25,1.0,0.0,1,36.0,0.5426630542711849,550.590888785601,199,129.8566112143164,2.754223906975716,2,9336.0,48,47,0,0.9329608938547486,9.145901499414407e-17
threshold,3,0.5,0.0,1.25,1.0,168.0,4,1,0.02,12,84,ret,0.25,1.0,0.0,1,36.0,0.5968429667722625,492.1387454541652,199,122.41208787918958,1.8752149539921958,2,14376.0,48,47,0,0.9329608938547486,6.044719866383243e-17
threshold,4,0.5,0.0,1.25,1.0,168.0,4,1,0.02,12,84,ret,0.25,1.0,0.0,1,29.0,0.5892971684571594,521.8980678428326,198,140.7960988238051,2.758988581210573,2,14376.0,48,47,0,0.9329608938547486,6.507312793310391e-17
threshold,0,0.5,0.0,1.5,,168.0,4,1,0.02,12,84,ret,0.25,1.0,0.0,1,29.0,0.98,659.9998928625457,197,13.447607137239306,-0.012382770276414937,0,0.0,48,47,0,0.9329608938547486,1.3722728726162899e-17
threshold,1,0.5,0.0,1.5,,168.0,4,1,0.02,12,84,ret,0.25,1.0,0.0,1,58.0,0.9800000000000002,612.2053366412539,197,13.474663358552075,0.004345440995997311,0,0.0,48,47,0,0.9329608938547486,-1.2068765188546278e-17
threshold,2,0.5,0.0,1.5,,168.0,4,1,0.02,12,84,ret,0.25,1.0,0.0,1,36.0,0.5704108237391199,583.4172552936657,199,86.79691137286929,1.7318532490689824,1,3744.0,48,47,0,0.9329608938547486,4.10389702771124e-17
threshold,3,0.5,0.0,1.5,,168.0,4,1,0.02,12,84,ret,0.25,1.0,0.0,1,36.0,0.5968731389987091,465.7060503670046,199,82.27144963291434,1.17755617313202,2,3760.0,48,47,0,0.9329608938547486,-5.4038089955568024e-17
threshold,4,0.5,0.0,1.5,,168.0,4,1,0.02,12,84,ret,0.25,1.0,0.0,1,29.0,0.5893264914081652,540.1459242524023,198,83.3707424141553,1.5115771019212478,2,3760.0,48,47,0,0.9329608938547486,3.400962524224176e-17
threshold,0,0.5,0.0,1.5,0.25,168.0,4,1,0.02,12,84,ret,0.25,1.0,0.0,1,29.0,0.98,673.582905268554,197,13.584594731225007,-0.009595129092749267,0,0.0,48,47,0,0.9329608938547486,1.3722728726162899e-17
threshold,1,0.5,0.0,1.5,0.25,168.0,4,1,0.02,12,84,ret,0.25,1.0,0.0,1,58.0,0.9800000000000002,644.8907042084517,197,13.619295791339999,0.0071028898661577924,0,0.0,48,47,0,0.9329608938547486,-1.2068765188546278e-17
threshold,2,0.5,0.0,1.5,0.25,168.0,4,1,0.02,12,84,ret,0.25,1.0,0.0,1,36.0,0.5704108237391199,593.564628380913,199,86.88287161895089,1.7335558421769364,1,3744.0,48,47,0,0.9329608938547486,4.10389702771124e-17
threshold,3,0.5,0.0,1.5,0.25,168.0,4,1,0.02,12,84,ret,0.25,1.0,0.0,1,36.0,0.5968429667722625,517.7716918826194,199,120.78914145071712,1.8469293950391947,2,14328.0,48,47,0,0.9329608938547486,6.044719866383243e-17
threshold,4,0.5,0.0,1.5,0.25,168.0,4,1,0.02,12,84,ret,0.25,1.0,0.0,1,29.0,0.5892971684571594,547.7351437032079,198,139.38235629675475,2.7282267948239802,2,14328.0,48,47,0,0.9329608938547486,6.507312793310391e-17
threshold,0,0.5,0.0,1.5,0.5,168.0,4,1,0.02,12,84,ret,0.25,1.0,0.0,1,29.0,0.98,673.582905268554,197,13.584594731225007,-0.009595129092749267,0,0.0,48,47,0,0.9329608938547486,1.3722728726162899e-17
threshold,1,0.5,0.0,1.5,0.5,168.0,4,1,0.02,12,84,ret,0.25,1.0,0.0,1,58.0,0.9800000000000002,644.8907042084517,197,13.619295791339999,0.0071028898661577924,0,0.0,48,47,0,0.9329608938547486,-1.2068765188546278e-17
threshold,2,0.5,0.0,1.5,0.5,168.0,4,1,0.02,12,84,ret,0.25,1.0,0.0,1,36.0,0.5704108237391199,593.564628380913,199,86.88287161895089,1.7335558421769364,1,3744.0,48,47,0,0.9329608938547486,4.10389702771124e-17
threshold,3,0.5,0.0,1.5,0.5,168.0,4,1,0.02,12,84,ret,0.25,1.0,0.0,1,36.0,0.5968429667722625,517.7716918826194,199,120.78914145071712,1.8469293950391947,2,14328.0,48,47,0,0.9329608938547486,6.044719866383243e-17
threshold,4,0.5,0.0,1.5,0.5,168.0,4,1,0.02,12,84,ret,0.25,1.0,0.0,1,29.0,0.5892971684571594,547.7351437032079,198,139.38235629675475,2.7282267948239802,2,14328.0,48,47,0,0.9329608938547486,6.507312793310391e-17
threshold,0,0.5,0.0,1.5,1.0,168.0,4,1,0.02,12,84,ret,0.25,1.0,0.0,1,29.0,0.98,673.582905268554,197,13.584594731225007,-0.009595129092749267,0,0.0,48,47,0,0.9329608938547486,1.3722728726162899e-17
threshold,1,0.5,0.0,1.5,1.0,168.0,4,1,0.02,12,84,ret,0.25,1.0,0.0,1,58.0,0.9800000000000002,619.0052204895204,197,13.5347795102826,0.005418943705471038,0,0.0,48,47,0,0.9329608938547486,-1.2068765188546278e-17
threshold,2,0.5,0.0,1.5,1.0,168.0,4,1,0.02,12,84,ret,0.25,1.0,0.0,1,36.0,0.5704108237391199,593.564628380913,199,86.88287161895089,1.7335558421769364,1,3744.0,48,47,0,0.9329608938547486,4.10389702771124e-17
threshold,3,0.5,0.0,1.5,1.0,168.0,4,1,0.02,12,84,ret,0.25,1.0,0.0,1,36.0,0.5968429667722625,493.77358907086756,199,120.77724426248577,1.8467242711041714,2,14328.0,48,47,0,0.9329608938547486,6.044719866383243e-17
threshold,4,0.5,0.0,1.5,1.0,168.0,4,1,0.02,12,84,ret,0.25,1.0,0.0,1,29.0,0.5892971684571594,495.4922197773678,198,138.7819468892849,2.7152131279841365,2,14328.0,48,47,0,0.9329608938547486,6.507312793310391e-17
threshold,0,0.5,0.0,1.75,,168.0,4,1,0.02,12,84,ret,0.25,1.0,0.0,1,29.0,0.98,649.8554652454166,197,13.30203475437275,-0.01532412913911494,0,0.0,48,47,0,0.9329608938547486,1.3722728726162899e-17
threshold,1,0.5,0.0,1.75,,168.0,4,1,0.02,12,84,ret,0.25,1.0,0.0,1,58.0,0.9800000000000002,608.7973707801722,197,13.452629219635522,0.003951974229630333,0,0.0,48,47,0,0.9329608938547486,-1.2068765188546278e-17
threshold,2,0.5,0.0,1.75,,168.0,4,1,0.02,12,84,ret,0.25,1.0,0.0,1,50.5,0.5704108237391199,569.3362351374228,199,86.73043152911849,1.7305297239365776,1,3744.0,48,47,0,0.9329608938547486,4.10389702771124e-17
threshold,3,0.5,0.0,1.75,,168.0,4,1,0.02,12,84,ret,0.25,1.0,0.0,1,40.0,0.5968731389987091,431.2863125127281,199,81.51118748720454,1.1637805781713295,1,3744.0,48,47,0,0.9329608938547486,-5.4038089955568024e-17
threshold,4,0.5,0.0,1.75,,168.0,4,1,0.02,12,84,ret,0.25,1.0,0.0,1,29.0,0.5893264914081652,533.8611388737967,198,82.79552779276337,1.499106055009641,1,3744.0,48,47,0,0.9329608938547486,3.400962524224176e-17
threshold,0,0.5,0.0,1.75,0.25,168.0,4,1,0.02,12,84,ret,0.25,1.0,0.0,1,29.0,0.98,673.582905268554,197,13.584594731225007,-0.009595129092749267,0,0.0,48,47,0,0.9329608938547486,1.3722728726162899e-17
threshold,1,0.5,0.0,1.75,0.25,168.0,4,1,0.02,12,84,ret,0.25,1.0,0.0,1,58.0,0.9800000000000002,644.8907042084517,197,13.619295791339999,0.0071028898661577924,0,0.0,48,47,0,0.9329608938547486,-1.2068765188546278e-17
threshold,2,0.5,0.0,1.75,0.25,168.0,4,1,0.02,12,84,ret,0.25,1.0,0.0,1,50.5,0.5704108237391199,579.5757573317591,199,86.78090933477753,1.7316676517292817,1,3744.0,48,47,0,0.9329608938547486,4.10389702771124e-17
threshold,3,0.5,0.0,1.75,0.25,168.0,4,1,0.02,12,84,ret,0.25,1.0,0.0,1,40.0,0.5968731389987091,552.5565993168468,199,82.16423401636558,1.1763410712818578,1,3744.0,48,47,0,0.9329608938547486,-5.4038089955568024e-17
threshold,4,0.5,0.0,1.75,0.25,168.0,4,1,0.02,12,84,ret,0.25,1.0,0.0,1,29.0,0.5893264914081652,603.6369370781034,198,83.48056292175876,1.513912614580763,1,3744.0,48,47,0,0.9329608938547486,3.400962524224176e-17
threshold,0,0.5,0.0,1.75,0.5,168.0,4,1,0.02,12,84,ret,0.25,1.0,0.0,1,29.0,0.98,673.582905268554,197,13.584594731225007,-0.009595129092749267,0,0.0,48,47,0,0.9329608938547486,1.3722728726162899e-17
threshold,1,0.5,0.0,1.75,0.5,168.0,4,1,0.02,12,84,ret,0.25,1.0,0.0,1,58.0,0.9800000000000002,644.8907042084517,197,13.619295791339999,0.0071028898661577924,0,0.0,48,47,0,0.9329608938547486,-1.2068765188546278e-17
threshold,2,0.5,0.0,1.75,0.5,168.0,4,1,0.02,12,84,ret,0.25,1.0,0.0,1,50.5,0.5704108237391199,579.5757573317591,199,86.78090933477753,1.7316676517292817,1,3744.0,48,47,0,0.9329608938547486,4.10389702771124e-17
threshold,3,0.5,0.0,1.75,0.5,168.0,4,1,0.02,12,84,ret,0.25,1.0,0.0,1,40.0,0.5968731389987091,552.5565993168468,199,82.16423401636558,1.1763410712818578,1,3744.0,48,47,0,0.9329608938547486,-5.4038089955568024e-17
threshold,4,0.5,0.0,1.75,0.5,168.0,4,1,0.02,12,84,ret,0.25,1.0,0.0,1,29.0,0.5893264914081652,603.6369370781034,198,83.48056292175876,1.513912614580763,1,3744.0,48,47,0,0.9329608938547486,3.400962524224176e-17
threshold,0,0.5,0.0,1.75,1.0,168.0,4,1,0.02,12,84,ret,0.25,1.0,0.0,1,29.0,0.98,673.582905268554,197,13.584594731225007,-0.009595129092749267,0,0.0,48,47,0,0.9329608938547486,1.3722728726162899e-17
threshold,1,0.5,0.0,1.75,1.0,168.0,4,1,0.02,12,84,ret,0.25,1.0,0.0,1,58.0,0.9800000000000002,619.0052204895204,197,13.5347795102826,0.005418943705471038,0,0.0,48,47,0,0.9329608938547486,-1.2068765188546278e-17
threshold,2,0.5,0.0,1.75,1.0,168.0,4,1,0.02,12,84,ret,0.25,1.0,0.0,1,50.5,0.5704108237391199,579.5757573317591,199,86.78090933477753,1.7316676517292817,1,3744.0,48,47,0,0.9329608938547486,4.10389702771124e-17
threshold,3,0.5,0.0,1.75,1.0,168.0,4,1,0.02,12,84,ret,0.25,1.0,0.0,1,40.0,0.5968731389987091,528.5584965050896,199,82.15233682813421,1.176135947346834,1,3744.0,48,47,0,0.9329608938547486,-5.4038089955568024e-17
threshold,4,0.5,0.0,1.75,1.0,168.0,4,1,0.02,12,84,ret,0.25,1.0,0.0,1,29.0,0.5893264914081652,540.6757093904727,198,82.81845727608423,1.4996045220383551,1,3744.0,48,47,0,0.9329608938547486,3.400962524224176e-17
threshold,0,0.5,0.0,2.0,,168.0,4,1,0.02,12,84,ret,0.25,1.0,0.0,1,29.0,0.98,632.0682433708981,197,13.085923295565877,-0.019650601709938074,0,0.0,48,47,0,0.9329608938547486,1.3722728726162899e-17
threshold,1,0.5,0.0,2.0,,168.0,4,1,0.02,12,84,ret,0.25,1.0,0.0,1,58.0,0.9800000000000002,598.1159182898485,197,13.354081709964456,0.0015949002072435658,0,0.0,48,47,0,0.9329608938547486,-1.2068765188546278e-17
threshold,2,0.5,0.0,2.0,,168.0,4,1,0.02,12,84,ret,0.25,1.0,0.0,1,54.0,0.9800000000000002,601.2994149163983,199,13.117251750079845,-0.019731688630368643,0,0.0,48,47,0,0.9329608938547486,5.018745609455433e-17
threshold,3,0.5,0.0,2.0,,168.0,4,1,0.02,12,84,ret,0.25,1.0,0.0,1,174.5,0.98,482.4181447575298,199,12.741855242333177,-0.033057902116417896,0,0.0,48,47,0,0.9329608938547486,-3.633551146701513e-17
threshold,4,0.5,0.0,2.0,,168.0,4,1,0.02,12,84,ret,0.25,1.0,0.0,1,29.0,0.98,595.9833806874518,198,12.833285979027817,-0.020168586845237507,0,0.0,48,47,0,0.9329608938547486,1.6513792195890945e-17
threshold,0,0.5,0.0,2.0,0.25,168.0,4,1,0.02,12,84,ret,0.25,1.0,0.0,1,29.0,0.98,673.582905268554,197,13.584594731225007,-0.009595129092749267,0,0.0,48,47,0,0.9329608938547486,1.3722728726162899e-17
threshold,1,0.5,0.0,2.0,0.25,168.0,4,1,0.02,12,84,ret,0.25,1.0,0.0,1,58.0,0.9800000000000002,644.8907042084517,197,13.619295791339999,0.0071028898661577924,0,0.0,48,47,0,0.9329608938547486,-1.2068765188546278e-17
threshold,2,0.5,0.0,2.0,0.25,168.0,4,1,0.02,12,84,ret,0.25,1.0,0.0,1,54.0,0.9800000000000002,649.5193894551137,199,13.407277211342972,-0.014134671663431464,0,0.0,48,47,0,0.9329608938547486,5.018745609455433e-17
threshold,3,0.5,0.0,2.0,0.25,168.0,4,1,0.02,12,84,ret,0.25,1.0,0.0,1,174.5,0.98,531.5964416889036,199,13.053558310938087,-0.0254386476460366,0,0.0,48,47,0,0.9329608938547486,-3.633551146701513e-17
threshold,4,0.5,0.0,2.0,0.25,168.0,4,1,0.02,12,84,ret,0.25,1.0,0.0,1,29.0,0.98,673.5674951159572,198,13.550004883821135,-0.004722650747038801,0,0.0,48,47,0,0.9329608938547486,1.6513792195890945e-17
threshold,0,0.5,0.0,2.0,0.5,168.0,4,1,0.02,12,84,ret,0.25,1.0,0.0,1,29.0,0.98,673.582905268554,197,13.584594731225007,-0.009595129092749267,0,0.0,48,47,0,0.9329608938547486,1.3722728726162899e-17
threshold,1,0.5,0.0,2.0,0.5,168.0,4,1,0.02,12,84,ret,0.25,1.0,0.0,1,58.0,0.9800000000000002,644.8907042084517,197,13.619295791339999,0.0071028898661577924,0,0.0,48,47,0,0.9329608938547486,-1.2068765188546278e-17
threshold,2,0.5,0.0,2.0,0.5,168.0,4,1,0.02,12,84,ret,0.25,1.0,0.0,1,54.0,0.9800000000000002,649.5193894551137,199,13.407277211342972,-0.014134671663431464,0,0.0,48,47,0,0.9329608938547486,5.018745609455433e-17
threshold,3,0.5,0.0,2.0,0.5,168.0,4,1,0.02,12,84,ret,0.25,1.0,0.0,1,174.5,0.98,531.5964416889036,199,13.053558310938087,-0.0254386476460366,0,0.0,48,47,0,0.9329608938547486,-3.633551146701513e-17
threshold,4,0.5,0.0,2.0,0.5,168.0,4,1,0.02,12,84,ret,0.25,1.0,0.0,1,29.0,0.98,673.5674951159572,198,13.550004883821135,-0.004722650747038801,0,0.0,48,47,0,0.9329608938547486,1.6513792195890945e-17
threshold,0,0.5,0.0,2.0,1.0,168.0,4,1,0.02,12,84,ret,0.25,1.0,0.0,1,29.0,0.98,673.582905268554,197,13.584594731225007,-0.009595129092749267,0,0.0,48,47,0,0.9329608938547486,1.3722728726162899e-17
threshold,1,0.5,0.0,2.0,1.0,168.0,4,1,0.02,12,84,ret,0.25,1.0,0.0,1,58.0,0.9800000000000002,619.0052204895204,197,13.5347795102826,0.005418943705471038,0,0.0,48,47,0,0.9329608938547486,-1.2068765188546278e-17
threshold,2,0.5,0.0,2.0,1.0,168.0,4,1,0.02,12,84,ret,0.25,1.0,0.0,1,54.0,0.9800000000000002,649.5193894551137,199,13.407277211342972,-0.014134671663431464,0,0.0,48,47,0,0.9329608938547486,5.018745609455433e-17
threshold,3,0.5,0.0,2.0,1.0,168.0,4,1,0.02,12,84,ret,0.25,1.0,0.0,1,174.5,0.98,531.5964416889036,199,13.053558310938087,-0.0254386476460366,0,0.0,48,47,0,0.9329608938547486,-3.633551146701513e-17
threshold,4,0.5,0.0,2.0,1.0,168.0,4,1,0.02,12,84,ret,0.25,1.0,0.0,1,29.0,0.98,606.2117738021939,198,12.872392864281125,-0.019344172853971678,0,0.0,48,47,0,0.9329608938547486,1.6513792195890945e-17
threshold,0,0.5,0.0,2.5,,168.0,4,1,0.02,12,84,ret,0.25,1.0,0.0,1,40.0,0.98,554.3345607228079,197,12.542105943690764,-0.030950290133629148,0,0.0,48,47,0,0.9329608938547486,1.3722728726162899e-17
threshold,1,0.5,0.0,2.5,,168.0,4,1,0.02,12,84,ret,0.25,1.0,0.0,1,58.0,0.9800000000000002,523.8593645980567,197,12.640635401790247,-0.015641891420910665,0,0.0,48,47,0,0.9329608938547486,-1.2068765188546278e-17
threshold,2,0.5,0.0,2.5,,168.0,4,1,0.02,12,84,ret,0.25,1.0,0.0,1,86.5,0.9800000000000002,552.477216295713,199,12.449450370786465,-0.03222161451528795,0,0.0,48,47,0,0.9329608938547486,5.018745609455433e-17
threshold,3,0.5,0.0,2.5,,168.0,4,1,0.02,12,84,ret,0.25,1.0,0.0,1,174.5,0.98,442.96788342834526,199,12.502116571535023,-0.03786833223692254,0,0.0,48,47,0,0.9329608938547486,-3.633551146701513e-17
threshold,4,0.5,0.0,2.5,,168.0,4,1,0.02,12,84,ret,0.25,1.0,0.0,1,29.0,0.98,589.2148134123391,198,12.811853254143525,-0.02059755468472925,0,0.0,48,47,0,0.9329608938547486,1.6513792195890945e-17
threshold,0,0.5,0.0,2.5,0.25,168.0,4,1,0.02,12,84,ret,0.25,1.0,0.0,1,40.0,0.98,663.0029571628203,197,13.577042836963335,-0.009746166977982688,0,0.0,48,47,0,0.9329608938547486,1.3722728726162899e-17
threshold,1,0.5,0.0,2.5,0.25,168.0,4,1,0.02,12,84,ret,0.25,1.0,0.0,1,58.0,0.9800000000000002,644.8907042084517,197,13.619295791339999,0.0071028898661577924,0,0.0,48,47,0,0.9329608938547486,-1.2068765188546278e-17
threshold,2,0.5,0.0,2.5,0.25,168.0,4,1,0.02,12,84,ret,0.25,1.0,0.0,1,86.5,0.9800000000000002,618.149673373881,199,12.926993292589895,-0.023378227074483712,0,0.0,48,47,0,0.9329608938547486,5.018745609455433e-17
threshold,3,0.5,0.0,2.5,0.25,168.0,4,1,0.02,12,84,ret,0.25,1.0,0.0,1,174.5,0.98,531.5964416889036,199,13.053558310938087,-0.0254386476460366,0,0.0,48,47,0,0.9329608938547486,-3.633551146701513e-17
threshold,4,0.5,0.0,2.5,0.25,168.0,4,1,0.02,12,84,ret,0.25,1.0,0.0,1,29.0,0.98,673.5674951159572,198,13.550004883821135,-0.004722650747038801,0,0.0,48,47,0,0.9329608938547486,1.6513792195890945e-17
threshold,0,0.5,0.0,2.5,0.5,168.0,4,1,0.02,12,84,ret,0.25,1.0,0.0,1,40.0,0.98,663.0029571628203,197,13.577042836963335,-0.009746166977982688,0,0.0,48,47,0,0.9329608938547486,1.3722728726162899e-17
threshold,1,0.5,0.0,2.5,0.5,168.0,4,1,0.02,12,84,ret,0.25,1.0,0.0,1,58.0,0.9800000000000002,644.8907042084517,197,13.619295791339999,0.0071028898661577924,0,0.0,48,47,0,0.9329608938547486,-1.2068765188546278e-17
threshold,2,0.5,0.0,2.5,0.5,168.0,4,1,0.02,12,84,ret,0.25,1.0,0.0,1,86.5,0.9800000000000002,618.149673373881,199,12.926993292589895,-0.023378227074483712,0,0.0,48,47,0,0.9329608938547486,5.018745609455433e-17
threshold,3,0.5,0.0,2.5,0.5,168.0,4,1,0.02,12,84,ret,0.25,1.0,0.0,1,174.5,0.98,531.5964416889036,199,13.053558310938087,-0.0254386476460366,0,0.0,48,47,0,0.9329608938547486,-3.633551146701513e-17
threshold,4,0.5,0.0,2.5,0.5,168.0,4,1,0.02,12,84,ret,0.25,1.0,0.0,1,29.0,0.98,673.5674951159572,198,13.550004883821135,-0.004722650747038801,0,0.0,48,47,0,0.9329608938547486,1.6513792195890945e-17
threshold,0,0.5,0.0,2.5,1.0,168.0,4,1,0.02,12,84,ret,0.25,1.0,0.0,1,40.0,0.98,663.0029571628203,197,13.577042836963335,-0.009746166977982688,0,0.0,48,47,0,0.9329608938547486,1.3722728726162899e-17
threshold,1,0.5,0.0,2.5,1.0,168.0,4,1,0.02,12,84,ret,0.25,1.0,0.0,1,58.0,0.9800000000000002,619.0052204895204,197,13.5347795102826,0.005418943705471038,0,0.0,48,47,0,0.9329608938547486,-1.2068765188546278e-17
threshold,2,0.5,0.0,2.5,1.0,168.0,4,1,0.02,12,84,ret,0.25,1.0,0.0,1,86.5,0.9800000000000002,618.149673373881,199,12.926993292589895,-0.023378227074483712,0,0.0,48,47,0,0.9329608938547486,5.018745609455433e-17
threshold,3,0.5,0.0,2.5,1.0,168.0,4,1,0.02,12,84,ret,0.25,1.0,0.0,1,174.5,0.98,531.5964416889036,199,13.053558310938087,-0.0254386476460366,0,0.0,48,47,0,0.9329608938547486,-3.633551146701513e-17
threshold,4,0.5,0.0,2.5,1.0,168.0,4,1,0.02,12,84,ret,0.25,1.0,0.0,1,29.0,0.98,606.2117738021939,198,12.872392864281125,-0.019344172853971678,0,0.0,48,47,0,0.9329608938547486,1.6513792195890945e-17
block,0,0.5,0.0,1.25,0.5,84.0,4,1,0.02,12,84,ret,0.25,1.0,0.0,1,21.5,0.32205115775112764,307.3340555509146,197,387.09344444908845,2.2518117107107134,40,190118.0,143,141,0,2.966247672253259,-3.230397534407462e-17
block,1,0.5,0.0,1.25,0.5,84.0,4,1,0.02,12,84,ret,0.25,1.0,0.0,1,50.5,0.5243444270386374,335.56552082393654,197,334.0811458427258,1.5476156860326813,43,238985.0,177,174,0,5.815176908752328,3.912657493674318e-17
block,2,0.5,0.0,1.25,0.5,84.0,4,1,0.02,12,84,ret,0.25,1.0,0.0,1,36.0,0.660885646343034,428.5050601105811,199,251.9424398894286,1.419480131870006,21,93650.0,145,141,0,5.462988826815643,-7.466094781522526e-17
block,3,0.5,0.0,1.25,0.5,84.0,4,1,0.02,12,84,ret,0.25,1.0,0.0,1,32.5,0.30721522169048215,321.1083390539923,199,362.0191609460063,1.5961149850935286,48,159778.0,185,179,0,7.859171322160149,7.610816591063981e-17
block,4,0.5,0.0,1.25,0.5,84.0,4,1,0.02,12,84,ret,0.25,1.0,0.0,1,18.5,0.3371923580580851,351.2683795914151,198,345.54328707524394,1.3135780527735041,60,218421.0,211,209,0,6.0388733705772815,5.682915342529607e-17
block,0,0.7,0.0,1.25,0.5,84.0,4,1,0.02,12,84,ret,0.25,1.0,0.0,1,18.5,0.5770596290210946,466.89170804681044,194,230.41579195318667,1.9736689794126878,18,130352.0,97,95,0,3.3461359404096833,1.5169946821577442e-17
block,1,0.7,0.0,1.25,0.5,84.0,4,1,0.02,12,84,ret,0.25,1.0,0.0,1,25.5,0.360885722108485,436.42118876088665,195,253.62297790578495,1.2460104094886697,43,177481.0,162,160,0,5.279096834264432,-1.0293338703635936e-16
block,2,0.7,0.0,1.25,0.5,84.0,4,1,0.02,12,84,ret,0.25,1.0,0.0,1,18.5,0.3797248853694259,479.9838118598046,194,217.26368814020424,1.5285797281690927,23,87776.0,118,117,0,4.413175046554935,-1.5169946821577442e-17
block,3,0.7,0.0,1.25,0.5,84.0,4,1,0.02,12,84,ret,0.25,1.0,0.0,1,25.0,0.3636742697636023,405.68495523810606,194,284.6858780952491,3.328556636730785,24,155184.0,78,77,0,0.9385474860335196,7.416992738999533e-18
block,4,0.7,0.0,1.25,0.5,84.0,4,1,0.02,12,84,ret,0.25,1.0,0.0,1,18.5,0.7124424080216526,512.952316321771,193,183.8460170115577,1.5830421609018663,17,97610.0,97,96,0,2.541899441340782,5.659656480281873e-17
block,0,0.5,0.0,1.25,0.5,168.0,4,1,0.02,12,84,ret,0.25,1.0,0.0,1,29.0,0.98,673.582905268554,197,13.584594731225007,-0.009595129092749267,0,0.0,48,47,0,0.9329608938547486,1.3722728726162899e-17
block,1,0.5,0.0,1.25,0.5,168.0,4,1,0.02,12,84,ret,0.25,1.0,0.0,1,58.0,0.9800000000000002,644.8907042084517,197,13.619295791339999,0.0071028898661577924,0,0.0,48,47,0,0.9329608938547486,-1.2068765188546278e-17
block,2,0.5,0.0,1.25,0.5,168.0,4,1,0.02,12,84,ret,0.25,1.0,0.0,1,36.0,0.5426630542711849,550.590888785601,199,129.8566112143164,2.754223906975716,2,9336.0,48,47,0,0.9329608938547486,9.145901499414407e-17
block,3,0.5,0.0,1.25,0.5,168.0,4,1,0.02,12,84,ret,0.25,1.0,0.0,1,36.0,0.5968429667722625,516.1368482659171,199,122.42398506742094,1.8754200779272194,2,14376.0,48,47,0,0.9329608938547486,6.044719866383243e-17
block,4,0.5,0.0,1.25,0.5,168.0,4,1,0.02,12,84,ret,0.25,1.0,0.0,1,29.0,0.5892971684571594,546.1511208574575,198,140.9663791425058,2.7626597765764704,2,14376.0,48,47,0,0.9329608938547486,6.507312793310391e-17
block,0,0.7,0.0,1.25,0.5,168.0,4,1,0.02,12,84,ret,0.25,1.0,0.0,1,25.5,0.98,676.966436799839,194,13.611063199938489,-0.009065759718479637,0,0.0,48,47,0,0.9329608938547486,1.3180021940382445e-17
block,1,0.7,0.0,1.25,0.5,168.0,4,1,0.02,12,84,ret,0.25,1.0,0.0,1,29.0,0.9800000000000002,673.4327225111275,195,13.618110821984837,0.0069214597405366785,0,0.0,48,47,0,0.9329608938547486,-1.615198767203731e-17
block,2,0.7,0.0,1.25,0.5,168.0,4,1,0.02,12,84,ret,0.25,1.0,0.0,1,29.0,0.6473059060099785,588.6907123285972,194,98.47678767127283,2.007085251188964,2,9336.0,48,47,0,0.9329608938547486,8.902975604826965e-17
block,3,0.7,0.0,1.25,0.5,168.0,4,1,0.02,12,84,ret,0.25,1.0,0.0,1,29.0,0.6756446485907769,587.1371640772076,194,99.8636692560816,1.4864491156627473,2,14376.0,48,47,0,0.9329608938547486,5.737186021107653e-17
block,4,0.7,0.0,1.25,0.5,168.0,4,1,0.02,12,84,ret,0.25,1.0,0.0,1,22.0,0.6877508624728886,600.3517739011401,193,93.54572609884167,1.731753812330703,2,14376.0,48,47,0,0.9329608938547486,6.667540511017002e-17
block,0,0.5,0.0,1.25,0.5,336.0,4,1,0.02,12,84,ret,0.25,1.0,0.0,1,47.0,0.98,656.2534715804132,197,13.533195086040099,-0.010623121996447438,0,0.0,48,47,0,0.9329608938547486,1.3722728726162899e-17
block,1,0.5,0.0,1.25,0.5,336.0,4,1,0.02,12,84,ret,0.25,1.0,0.0,1,65.0,0.9800000000000002,638.0501166822041,197,13.599883317590606,0.006756238549204346,0,0.0,48,47,0,0.9329608938547486,-1.2068765188546278e-17
block,2,0.5,0.0,1.25,0.5,336.0,4,1,0.02,12,84,ret,0.25,1.0,0.0,1,47.0,0.9800000000000002,656.2673118821189,199,13.519354784334833,-0.012046466050988181,0,0.0,48,47,0,0.9329608938547486,5.018745609455433e-17
block,3,0.5,0.0,1.25,0.5,336.0,4,1,0.02,12,84,ret,0.25,1.0,0.0,1,47.0,0.98,614.3448662584996,199,13.538467074638309,-0.017078151720170704,0,0.0,48,47,0,0.9329608938547486,-3.633551146701513e-17
block,4,0.5,0.0,1.25,0.5,336.0,4,1,0.02,12,84,ret,0.25,1.0,0.0,1,96.5,0.98,608.2780397379628,198,12.998626928511353,-0.016670416452968583,0,0.0,48,47,0,0.9329608938547486,1.6513792195890945e-17
block,0,0.7,0.0,1.25,0.5,336.0,4,1,0.02,12,84,ret,0.25,1.0,0.0,1,47.0,0.98,656.25226079779,194,13.534405868663436,-0.010598906343980682,0,0.0,48,47,0,0.9329608938547486,1.3180021940382445e-17
block,1,0.7,0.0,1.25,0.5,336.0,4,1,0.02,12,84,ret,0.25,1.0,0.0,1,50.5,0.9800000000000002,652.7174521989706,195,13.572547800817556,0.006107834362549587,0,0.0,48,47,0,0.9329608938547486,-1.615198767203731e-17
block,2,0.7,0.0,1.25,0.5,336.0,4,1,0.02,12,84,ret,0.25,1.0,0.0,1,47.0,0.98,656.26992438399,194,13.516742282463692,-0.012094845715268582,0,0.0,48,47,0,0.9329608938547486,5.098859468308738e-17
block,3,0.7,0.0,1.25,0.5,336.0,4,1,0.02,12,84,ret,0.25,1.0,0.0,1,47.0,0.98,656.0706574956603,194,13.532675837459092,-0.017178000637053784,0,0.0,48,47,0,0.9329608938547486,-3.540515697710578e-17
block,4,0.7,0.0,1.25,0.5,336.0,4,1,0.02,12,84,ret,0.25,1.0,0.0,1,50.0,0.98,653.359918006082,193,13.480081993705241,-0.00620212018649087,0,0.0,48,47,0,0.9329608938547486,2.1579055529841846e-17
minn,0,0.5,0.0,1.25,0.5,168.0,2,1,0.02,12,84,ret,0.25,1.0,0.0,1,25.0,0.17278761482815885,201.9093268247706,197,488.57817317522483,1.654197393739231,106,412132.0,240,240,0,8.61475791433892,-5.910335328951893e-17
minn,1,0.5,0.0,1.25,0.5,168.0,2,1,0.02,12,84,ret,0.25,1.0,0.0,1,43.5,0.1430855943546121,205.8727885220193,197,466.37137814464825,1.7677843255795418,113,414992.0,219,219,0,7.581936685288641,-3.6180452385363575e-18
minn,2,0.5,0.0,1.25,0.5,168.0,2,1,0.02,12,84,ret,0.25,1.0,0.0,1,14.5,0.1720333229723411,218.72561427546705,199,471.2452190578567,1.5728307472766638,111,456105.0,240,240,0,9.061685288640597,1.4707353894650293e-16
minn,3,0.5,0.0,1.25,0.5,168.0,2,1,0.02,12,84,ret,0.25,1.0,0.0,1,29.0,0.22957822828173738,231.7471705258663,199,454.64282947412903,1.7969627149126894,89,300820.0,209,207,0,7.893621973929236,1.2148879047399583e-16
minn,4,0.5,0.0,1.25,0.5,168.0,2,1,0.02,12,84,ret,0.25,1.0,0.0,1,14.5,0.20891340715447157,234.1647341000571,198,466.4394325666061,1.8163997789752653,103,353046.0,216,212,0,8.457402234636872,5.669993752391977e-17
minn,0,0.5,0.0,1.25,0.5,168.0,4,1,0.02,12,84,ret,0.25,1.0,0.0,1,29.0,0.98,673.582905268554,197,13.584594731225007,-0.009595129092749267,0,0.0,48,47,0,0.9329608938547486,1.3722728726162899e-17
minn,1,0.5,0.0,1.25,0.5,168.0,4,1,0.02,12,84,ret,0.25,1.0,0.0,1,58.0,0.9800000000000002,644.8907042084517,197,13.619295791339999,0.0071028898661577924,0,0.0,48,47,0,0.9329608938547486,-1.2068765188546278e-17
minn,2,0.5,0.0,1.25,0.5,168.0,4,1,0.02,12,84,ret,0.25,1.0,0.0,1,36.0,0.5426630542711849,550.590888785601,199,129.8566112143164,2.754223906975716,2,9336.0,48,47,0,0.9329608938547486,9.145901499414407e-17
minn,3,0.5,0.0,1.25,0.5,168.0,4,1,0.02,12,84,ret,0.25,1.0,0.0,1,36.0,0.5968429667722625,516.1368482659171,199,122.42398506742094,1.8754200779272194,2,14376.0,48,47,0,0.9329608938547486,6.044719866383243e-17
minn,4,0.5,0.0,1.25,0.5,168.0,4,1,0.02,12,84,ret,0.25,1.0,0.0,1,29.0,0.5892971684571594,546.1511208574575,198,140.9663791425058,2.7626597765764704,2,14376.0,48,47,0,0.9329608938547486,6.507312793310391e-17
minn,0,0.5,0.0,1.25,0.5,168.0,6,1,0.02,12,84,ret,0.25,1.0,0.0,1,43.5,0.98,659.618552279603,197,13.54144772018211,-0.01045806931360721,0,0.0,48,47,0,0.9329608938547486,1.3722728726162899e-17
minn,1,0.5,0.0,1.25,0.5,168.0,6,1,0.02,12,84,ret,0.25,1.0,0.0,1,58.0,0.9800000000000002,644.8907042084517,197,13.619295791339999,0.0071028898661577924,0,0.0,48,47,0,0.9329608938547486,-1.2068765188546278e-17
minn,2,0.5,0.0,1.25,0.5,168.0,6,1,0.02,12,84,ret,0.25,1.0,0.0,1,43.5,0.9800000000000002,659.6330772205243,199,13.526922779261207,-0.011906317996796085,0,0.0,48,47,0,0.9329608938547486,5.018745609455433e-17
minn,3,0.5,0.0,1.25,0.5,168.0,6,1,0.02,12,84,ret,0.25,1.0,0.0,1,43.5,0.98,617.7272662000994,199,13.566067133037034,-0.0166022886443306,0,0.0,48,47,0,0.9329608938547486,-3.633551146701513e-17
minn,4,0.5,0.0,1.25,0.5,168.0,6,1,0.02,12,84,ret,0.25,1.0,0.0,1,60.5,0.98,643.0748179592741,198,13.481848707184366,-0.0061737560680683035,0,0.0,48,47,0,0.9329608938547486,1.6513792195890945e-17
minn,0,0.5,0.0,1.25,0.5,168.0,8,1,0.02,12,84,ret,0.25,1.0,0.0,1,57.5,0.98,646.1008895061333,197,13.395777160324595,-0.013405635110812077,0,0.0,48,47,0,0.9329608938547486,1.3722728726162899e-17
minn,1,0.5,0.0,1.25,0.5,168.0,8,1,0.02,12,84,ret,0.25,1.0,0.0,1,75.5,0.9800000000000002,627.892571381852,197,13.467428617947245,0.004390976055572898,0,0.0,48,47,0,0.9329608938547486,-1.2068765188546278e-17
minn,2,0.5,0.0,1.25,0.5,168.0,8,1,0.02,12,84,ret,0.25,1.0,0.0,1,57.5,0.9800000000000002,646.1157789755839,199,13.380887690874298,-0.01474660016270812,0,0.0,48,47,0,0.9329608938547486,5.018745609455433e-17
minn,3,0.5,0.0,1.25,0.5,168.0,8,1,0.02,12,84,ret,0.25,1.0,0.0,1,57.5,0.98,604.1931842559434,199,13.466815743865732,-0.01831351949211172,0,0.0,48,47,0,0.9329608938547486,-3.633551146701513e-17
minn,4,0.5,0.0,1.25,0.5,168.0,8,1,0.02,12,84,ret,0.25,1.0,0.0,1,60.5,0.98,643.0748179592741,198,13.481848707184366,-0.0061737560680683035,0,0.0,48,47,0,0.9329608938547486,1.6513792195890945e-17
bond,0,0.5,0.0,1.25,0.5,168.0,4,1,0.02,12,84,ret,0.25,1.0,0.0,1,29.0,0.98,673.582905268554,197,13.584594731225007,-0.009595129092749267,0,0.0,48,47,0,0.9329608938547486,1.3722728726162899e-17
bond,1,0.5,0.0,1.25,0.5,168.0,4,1,0.02,12,84,ret,0.25,1.0,0.0,1,58.0,0.9800000000000002,644.8907042084517,197,13.619295791339999,0.0071028898661577924,0,0.0,48,47,0,0.9329608938547486,-1.2068765188546278e-17
bond,2,0.5,0.0,1.25,0.5,168.0,4,1,0.02,12,84,ret,0.25,1.0,0.0,1,36.0,0.5426630542711849,550.590888785601,199,129.8566112143164,2.754223906975716,2,9336.0,48,47,0,0.9329608938547486,9.145901499414407e-17
bond,3,0.5,0.0,1.25,0.5,168.0,4,1,0.02,12,84,ret,0.25,1.0,0.0,1,36.0,0.5968429667722625,516.1368482659171,199,122.42398506742094,1.8754200779272194,2,14376.0,48,47,0,0.9329608938547486,6.044719866383243e-17
bond,4,0.5,0.0,1.25,0.5,168.0,4,1,0.02,12,84,ret,0.25,1.0,0.0,1,29.0,0.5892971684571594,546.1511208574575,198,140.9663791425058,2.7626597765764704,2,14376.0,48,47,0,0.9329608938547486,6.507312793310391e-17
bond,0,0.5,0.25,1.25,0.5,168.0,4,1,0.02,12,84,ret,0.25,1.0,0.0,1,29.0,0.98,673.582905268554,197,13.584594731225007,-0.2595951290927493,0,0.0,48,47,0,0.9329608938547486,1.3722728726162899e-17
bond,1,0.5,0.25,1.25,0.5,168.0,4,1,0.02,12,84,ret,0.25,1.0,0.0,1,58.0,0.9800000000000002,644.8907042084517,197,13.619295791339999,-0.24289711013384224,0,0.0,48,47,0,0.9329608938547486,-1.2068765188546278e-17
bond,2,0.5,0.25,1.25,0.5,168.0,4,1,0.02,12,84,ret,0.25,1.0,0.0,1,36.0,0.5426630542711849,550.590888785601,199,129.8566112143164,2.5042239069757155,2,9336.0,48,47,0,0.9329608938547486,9.145901499414407e-17
bond,3,0.5,0.25,1.25,0.5,168.0,4,1,0.02,12,84,ret,0.25,1.0,0.0,1,36.0,0.5968429667722625,516.1368482659171,199,122.42398506742094,1.6254200779272194,2,14376.0,48,47,0,0.9329608938547486,6.044719866383243e-17
bond,4,0.5,0.25,1.25,0.5,168.0,4,1,0.02,12,84,ret,0.25,1.0,0.0,1,29.0,0.5892971684571594,546.1511208574575,198,140.9663791425058,2.51265977657647,2,14376.0,48,47,0,0.9329608938547486,6.507312793310391e-17
bond,0,0.5,0.5,1.25,0.5,168.0,4,1,0.02,12,84,ret,0.25,1.0,0.0,1,29.0,0.98,673.582905268554,197,13.584594731225007,-0.5095951290927492,0,0.0,48,47,0,0.9329608938547486,1.3722728726162899e-17
bond,1,0.5,0.5,1.25,0.5,168.0,4,1,0.02,12,84,ret,0.25,1.0,0.0,1,58.0,0.9800000000000002,644.8907042084517,197,13.619295791339999,-0.4928971101338422,0,0.0,48,47,0,0.9329608938547486,-1.2068765188546278e-17
bond,2,0.5,0.5,1.25,0.5,168.0,4,1,0.02,12,84,ret,0.25,1.0,0.0,1,36.0,0.5426630542711849,550.590888785601,199,129.8566112143164,2.2542239069757155,2,9336.0,48,47,0,0.9329608938547486,9.145901499414407e-17
bond,3,0.5,0.5,1.25,0.5,168.0,4,1,0.02,12,84,ret,0.25,1.0,0.0,1,36.0,0.5968429667722625,516.1368482659171,199,122.42398506742094,1.3754200779272194,2,14376.0,48,47,0,0.9329608938547486,6.044719866383243e-17
bond,4,0.5,0.5,1.25,0.5,168.0,4,1,0.02,12,84,ret,0.25,1.0,0.0,1,29.0,0.5892971684571594,546.1511208574575,198,140.9663791425058,2.26265977657647,2,14376.0,48,47,0,0.9329608938547486,6.507312793310391e-17
bond,0,0.5,0.75,1.25,0.5,168.0,4,1,0.02,12,84,ret,0.25,1.0,0.0,1,29.0,0.98,673.582905268554,197,13.584594731225007,-0.7595951290927492,0,0.0,48,47,0,0.9329608938547486,1.3722728726162899e-17
bond,1,0.5,0.75,1.25,0.5,168.0,4,1,0.02,12,84,ret,0.25,1.0,0.0,1,58.0,0.9800000000000002,644.8907042084517,197,13.619295791339999,-0.7428971101338422,0,0.0,48,47,0,0.9329608938547486,-1.2068765188546278e-17
bond,2,0.5,0.75,1.25,0.5,168.0,4,1,0.02,12,84,ret,0.25,1.0,0.0,1,36.0,0.5426630542711849,550.590888785601,199,129.8566112143164,2.0042239069757155,2,9336.0,48,47,0,0.9329608938547486,9.145901499414407e-17
bond,3,0.5,0.75,1.25,0.5,168.0,4,1,0.02,12,84,ret,0.25,1.0,0.0,1,36.0,0.5968429667722625,516.1368482659171,199,122.42398506742094,1.1254200779272194,2,14376.0,48,47,0,0.9329608938547486,6.044719866383243e-17
bond,4,0.5,0.75,1.25,0.5,168.0,4,1,0.02,12,84,ret,0.25,1.0,0.0,1,29.0,0.5892971684571594,546.1511208574575,198,140.9663791425058,2.01265977657647,2,14376.0,48,47,0,0.9329608938547486,6.507312793310391e-17
bond,0,0.5,1.0,1.25,0.5,168.0,4,1,0.02,12,84,ret,0.25,1.0,0.0,1,29.0,0.98,673.582905268554,197,13.584594731225007,-1.0095951290927492,0,0.0,48,47,0,0.9329608938547486,1.3722728726162899e-17
bond,1,0.5,1.0,1.25,0.5,168.0,4,1,0.02,12,84,ret,0.25,1.0,0.0,1,58.0,0.9800000000000002,644.8907042084517,197,13.619295791339999,-0.9928971101338424,0,0.0,48,47,0,0.9329608938547486,-1.2068765188546278e-17
bond,2,0.5,1.0,1.25,0.5,168.0,4,1,0.02,12,84,ret,0.25,1.0,0.0,1,36.0,0.5426630542711849,550.590888785601,199,129.8566112143164,1.7542239069757155,2,9336.0,48,47,0,0.9329608938547486,9.145901499414407e-17
bond,3,0.5,1.0,1.25,0.5,168.0,4,1,0.02,12,84,ret,0.25,1.0,0.0,1,36.0,0.5968429667722625,516.1368482659171,199,122.42398506742094,0.8754200779272194,2,14376.0,48,47,0,0.9329608938547486,6.044719866383243e-17
bond,4,0.5,1.0,1.25,0.5,168.0,4,1,0.02,12,84,ret,0.25,1.0,0.0,1,29.0,0.5892971684571594,546.1511208574575,198,140.9663791425058,1.76265977657647,2,14376.0,48,47,0,0.9329608938547486,6.507312793310391e-17
bond,0,0.5,1.5,1.25,0.5,168.0,4,1,0.02,12,84,ret,0.25,1.0,0.0,1,29.0,0.98,673.582905268554,197,13.584594731225007,-1.5095951290927494,0,0.0,48,47,0,0.9329608938547486,1.3722728726162899e-17
bond,1,0.5,1.5,1.25,0.5,168.0,4,1,0.02,12,84,ret,0.25,1.0,0.0,1,58.0,0.9800000000000002,644.8907042084517,197,13.619295791339999,-1.4928971101338422,0,0.0,48,47,0,0.9329608938547486,-1.2068765188546278e-17
bond,2,0.5,1.5,1.25,0.5,168.0,4,1,0.02,12,84,ret,0.25,1.0,0.0,1,36.0,0.5426630542711849,550.590888785601,199,129.8566112143164,1.254223906975715,2,9336.0,48,47,0,0.9329608938547486,9.145901499414407e-17
bond,3,0.5,1.5,1.25,0.5,168.0,4,1,0.02,12,84,ret,0.25,1.0,0.0,1,36.0,0.5968429667722625,516.1368482659171,199,122.42398506742094,0.37542007792721943,2,14376.0,48,47,0,0.9329608938547486,6.044719866383243e-17
bond,4,0.5,1.5,1.25,0.5,168.0,4,1,0.02,12,84,ret,0.25,1.0,0.0,1,29.0,0.5892971684571594,546.1511208574575,198,140.9663791425058,1.26265977657647,2,14376.0,48,47,0,0.9329608938547486,6.507312793310391e-17
bond,0,0.5,2.0,1.25,0.5,168.0,4,1,0.02,12,84,ret,0.25,1.0,0.0,1,29.0,0.98,673.582905268554,197,13.584594731225007,-2.0095951290927494,0,0.0,48,47,0,0.9329608938547486,1.3722728726162899e-17
bond,1,0.5,2.0,1.25,0.5,168.0,4,1,0.02,12,84,ret,0.25,1.0,0.0,1,58.0,0.9800000000000002,644.8907042084517,197,13.619295791339999,-1.9928971101338422,0,0.0,48,47,0,0.9329608938547486,-1.2068765188546278e-17
bond,2,0.5,2.0,1.25,0.5,168.0,4,1,0.02,12,84,ret,0.25,1.0,0.0,1,36.0,0.5426630542711849,550.590888785601,199,129.8566112143164,0.7542239069757152,2,9336.0,48,47,0,0.9329608938547486,9.145901499414407e-17
bond,3,0.5,2.0,1.25,0.5,168.0,4,1,0.02,12,84,ret,0.25,1.0,0.0,1,36.0,0.5968429667722625,516.1368482659171,199,122.42398506742094,-0.1245799220727809,2,14376.0,48,47,0,0.9329608938547486,6.044719866383243e-17
bond,4,0.5,2.0,1.25,0.5,168.0,4,1,0.02,12,84,ret,0.25,1.0,0.0,1,29.0,0.5892971684571594,546.1511208574575,198,140.9663791425058,0.7626597765764702,2,14376.0,48,47,0,0.9329608938547486,6.507312793310391e-17
bond,0,0.5,3.0,1.25,0.5,168.0,4,1,0.02,12,84,ret,0.25,1.0,0.0,1,29.0,0.98,673.582905268554,197,13.584594731225007,-3.00959512909275,0,0.0,48,47,0,0.9329608938547486,1.3722728726162899e-17
bond,1,0.5,3.0,1.25,0.5,168.0,4,1,0.02,12,84,ret,0.25,1.0,0.0,1,58.0,0.9800000000000002,644.8907042084517,197,13.619295791339999,-2.9928971101338426,0,0.0,48,47,0,0.9329608938547486,-1.2068765188546278e-17
bond,2,0.5,3.0,1.25,0.5,168.0,4,1,0.02,12,84,ret,0.25,1.0,0.0,1,36.0,0.5426630542711849,550.590888785601,199,129.8566112143164,-0.24577609302428516,2,9336.0,48,47,0,0.9329608938547486,9.145901499414407e-17
bond,3,0.5,3.0,1.25,0.5,168.0,4,1,0.02,12,84,ret,0.25,1.0,0.0,1,36.0,0.5968429667722625,516.1368482659171,199,122.42398506742094,-1.124579922072781,2,14376.0,48,47,0,0.9329608938547486,6.044719866383243e-17
bond,4,0.5,3.0,1.25,0.5,168.0,4,1,0.02,12,84,ret,0.25,1.0,0.0,1,29.0,0.5892971684571594,546.1511208574575,198,140.9663791425058,-0.23734022342353,2,14376.0,48,47,0,0.9329608938547486,6.507312793310391e-17
bond,0,0.5,5.0,1.25,0.5,168.0,4,1,0.02,12,84,ret,0.25,1.0,0.0,1,29.0,0.98,673.582905268554,197,13.584594731225007,-5.00959512909275,0,0.0,48,47,0,0.9329608938547486,1.3722728726162899e-17
bond,1,0.5,5.0,1.25,0.5,168.0,4,1,0.02,12,84,ret,0.25,1.0,0.0,1,58.0,0.9800000000000002,644.8907042084517,197,13.619295791339999,-4.992897110133843,0,0.0,48,47,0,0.9329608938547486,-1.2068765188546278e-17
bond,2,0.5,5.0,1.25,0.5,168.0,4,1,0.02,12,84,ret,0.25,1.0,0.0,1,36.0,0.5426630542711849,550.590888785601,199,129.8566112143164,-2.2457760930242854,2,9336.0,48,47,0,0.9329608938547486,9.145901499414407e-17
bond,3,0.5,5.0,1.25,0.5,168.0,4,1,0.02,12,84,ret,0.25,1.0,0.0,1,36.0,0.5968429667722625,516.1368482659171,199,122.42398506742094,-3.124579922072781,2,14376.0,48,47,0,0.9329608938547486,6.044719866383243e-17
bond,4,0.5,5.0,1.25,0.5,168.0,4,1,0.02,12,84,ret,0.25,1.0,0.0,1,29.0,0.5892971684571594,546.1511208574575,198,140.9663791425058,-2.2373402234235304,2,14376.0,48,47,0,0.9329608938547486,6.507312793310391e-17
pressure,0,0.5,0.0,1.25,0.5,168.0,4,1,0.02,12,84,ret,0.25,1.0,0.0,1,29.0,0.98,673.582905268554,197,13.584594731225007,-0.009595129092749267,0,0.0,48,47,0,0.9329608938547486,1.3722728726162899e-17
pressure,1,0.5,0.0,1.25,0.5,168.0,4,1,0.02,12,84,ret,0.25,1.0,0.0,1,58.0,0.9800000000000002,644.8907042084517,197,13.619295791339999,0.0071028898661577924,0,0.0,48,47,0,0.9329608938547486,-1.2068765188546278e-17
pressure,2,0.5,0.0,1.25,0.5,168.0,4,1,0.02,12,84,ret,0.25,1.0,0.0,1,36.0,0.5426630542711849,550.590888785601,199,129.8566112143164,2.754223906975716,2,9336.0,48,47,0,0.9329608938547486,9.145901499414407e-17
pressure,3,0.5,0.0,1.25,0.5,168.0,4,1,0.02,12,84,ret,0.25,1.0,0.0,1,36.0,0.5968429667722625,516.1368482659171,199,122.42398506742094,1.8754200779272194,2,14376.0,48,47,0,0.9329608938547486,6.044719866383243e-17
pressure,4,0.5,0.0,1.25,0.5,168.0,4,1,0.02,12,84,ret,0.25,1.0,0.0,1,29.0,0.5892971684571594,546.1511208574575,198,140.9663791425058,2.7626597765764704,2,14376.0,48,47,0,0.9329608938547486,6.507312793310391e-17
pressure,0,0.5,0.0,1.25,0.5,168.0,4,2,0.02,12,84,ret,0.25,1.0,0.0,1,29.0,0.5226191153252512,591.6366517834762,197,95.53084821638052,0.7599556744014455,1,3744.0,96,94,0,1.8659217877094971,-2.798816423810625e-17
pressure,1,0.5,0.0,1.25,0.5,168.0,4,2,0.02,12,84,ret,0.25,1.0,0.0,1,58.0,0.6246335609542075,559.9112465036401,197,98.70958682957887,0.6319975445586616,2,9336.0,96,94,0,1.8659217877094971,-9.691192603222386e-18
pressure,2,0.5,0.0,1.25,0.5,168.0,4,2,0.02,12,84,ret,0.25,1.0,0.0,1,36.0,0.44706124965866445,533.4715845352872,199,147.03591546458904,1.1391238394873495,3,13080.0,96,94,0,1.8659217877094971,9.187250587854822e-17
pressure,3,0.5,0.0,1.25,0.5,168.0,4,2,0.02,12,84,ret,0.25,1.0,0.0,1,36.0,0.5134761701277737,541.4177772319766,199,97.15638943459196,0.739410760075205,2,7488.0,96,94,0,1.8659217877094971,-2.977134367709917e-17
pressure,4,0.5,0.0,1.25,0.5,168.0,4,2,0.02,12,84,ret,0.25,1.0,0.0,1,29.0,0.5892678584135365,526.913208334074,198,160.31429166589277,1.4873124702858076,3,25008.0,96,94,0,1.8659217877094971,2.563643483305762e-17
pressure,0,0.5,0.0,1.25,0.5,168.0,4,3,0.02,12,84,ret,0.25,1.0,0.0,1,29.0,0.4251105319405879,524.3638318637151,197,162.80366813623596,0.9229073876787781,3,18120.0,144,141,0,2.798882681564246,1.3634861913227015e-16
pressure,1,0.5,0.0,1.25,0.5,168.0,4,3,0.02,12,84,ret,0.25,1.0,0.0,1,58.0,0.624604845011477,498.17762325006623,197,160.44321008324908,0.7623849687662904,4,30600.0,144,141,0,2.798882681564246,4.8714394818864524e-17
pressure,2,0.5,0.0,1.25,0.5,168.0,4,3,0.02,12,84,ret,0.25,1.0,0.0,1,36.0,0.3921651306824328,523.5367404224813,199,156.97075957744502,0.7633859203096974,4,16824.0,144,141,0,2.798882681564246,6.608101196383905e-17
pressure,3,0.5,0.0,1.25,0.5,168.0,4,3,0.02,12,84,ret,0.25,1.0,0.0,1,36.0,0.5134761701277737,541.4158996975883,199,97.15826696898009,0.3735582795826884,2,7488.0,144,141,0,2.798882681564246,3.651641372894195e-17
pressure,4,0.5,0.0,1.25,0.5,168.0,4,3,0.02,12,84,ret,0.25,1.0,0.0,1,29.0,0.5079039645139027,501.1608902766538,198,186.0666097233245,1.1415260325003802,5,39384.0,144,141,0,2.798882681564246,3.388040934086546e-17
pressure,0,0.5,0.0,1.25,0.5,168.0,4,5,0.02,12,84,ret,0.25,1.0,0.0,1,29.0,0.35184055764866423,471.84589314214327,197,215.32160685781997,0.6831677342697196,6,38088.0,240,235,0,4.664804469273743,1.956328746837159e-16
pressure,1,0.5,0.0,1.25,0.5,168.0,4,5,0.02,12,84,ret,0.25,1.0,0.0,1,58.0,0.5102731239056052,469.4278254465193,197,189.09634122012864,0.5410164216897552,6,39936.0,240,235,0,4.664804469273743,-1.1040206613590942e-16
pressure,2,0.5,0.0,1.25,0.5,168.0,4,5,0.02,12,84,ret,0.25,1.0,0.0,1,36.0,0.374989720835964,472.248701585087,199,208.2587984148688,0.6194482321155719,6,33048.0,240,235,0,4.664804469273743,-1.633288993396413e-17
pressure,3,0.5,0.0,1.25,0.5,168.0,4,5,0.02,12,84,ret,0.25,1.0,0.0,1,36.0,0.5134174683862609,486.1712977551728,199,152.40286891148293,0.3976629911528058,4,28752.0,240,235,0,4.664804469273743,-1.2820801734556335e-16
pressure,4,0.5,0.0,1.25,0.5,168.0,4,5,0.02,12,84,ret,0.25,1.0,0.0,1,29.0,0.5614644933818494,473.9692346128934,198,213.258265387056,0.6506077737465266,6,51864.0,240,235,0,4.664804469273743,1.981396631704161e-16
dust,0,0.5,0.0,1.25,0.5,168.0,4,1,0.0,12,84,ret,0.25,1.0,0.0,1,29.0,1.0,687.0,197,0.0,-0.29028910024154464,0,0.0,48,47,0,0.9329608938547486,0.0
dust,1,0.5,0.0,1.25,0.5,168.0,4,1,0.0,12,84,ret,0.25,1.0,0.0,1,58.0,1.0,658.0,197,0.0,-0.2900824652777765,0,0.0,48,47,0,0.9329608938547486,0.0
dust,2,0.5,0.0,1.25,0.5,168.0,4,1,0.0,12,84,ret,0.25,1.0,0.0,1,36.0,0.5537378104808011,561.3365284223746,199,118.66347157761884,2.53482756769169,2,9336.0,48,47,0,0.9329608938547486,9.975467586250243e-18
dust,3,0.5,0.0,1.25,0.5,168.0,4,1,0.0,12,84,ret,0.25,1.0,0.0,1,36.0,0.6090234354819005,526.439327377244,199,111.06067262274198,1.624265069166051,2,14376.0,48,47,0,0.9329608938547486,9.122642637166673e-18
dust,4,0.5,0.0,1.25,0.5,168.0,4,1,0.0,12,84,ret,0.25,1.0,0.0,1,29.0,0.6013236412828158,556.9832915727872,198,130.01670842722615,2.5360508776450144,2,14376.0,48,47,0,0.9329608938547486,1.1758647025243162e-17
dust,0,0.5,0.0,1.25,0.5,168.0,4,1,0.01,12,84,ret,0.25,1.0,0.0,1,29.0,0.9900000000000002,680.2914526342571,197,6.792297365612503,-0.14994211466714694,0,0.0,48,47,0,0.9329608938547486,9.08646218478131e-17
dust,1,0.5,0.0,1.25,0.5,168.0,4,1,0.01,12,84,ret,0.25,1.0,0.0,1,58.0,0.99,651.4453521042059,197,6.8096478956699995,-0.14148978770580936,0,0.0,48,47,0,0.9329608938547486,6.77091323211804e-18
dust,2,0.5,0.0,1.25,0.5,168.0,4,1,0.01,12,84,ret,0.25,1.0,0.0,1,36.0,0.5482004323759929,555.9637086039575,199,124.26004139596202,2.644525737333569,2,9336.0,48,47,0,0.9329608938547486,1.708234216194666e-17
dust,3,0.5,0.0,1.25,0.5,168.0,4,1,0.01,12,84,ret,0.25,1.0,0.0,1,36.0,0.6029332011270814,521.2880878215952,199,116.74232884508244,1.7498425735466514,2,14376.0,48,47,0,0.9329608938547486,-3.6180452385363575e-19
dust,4,0.5,0.0,1.25,0.5,168.0,4,1,0.01,12,84,ret,0.25,1.0,0.0,1,29.0,0.5953104048699877,551.5672062150894,198,135.49154378486588,2.6493553271107406,2,14376.0,48,47,0,0.9329608938547486,2.8660086925263e-17
dust,0,0.5,0.0,1.25,0.5,168.0,4,1,0.02,12,84,ret,0.25,1.0,0.0,1,29.0,0.98,673.582905268554,197,13.584594731225007,-0.009595129092749267,0,0.0,48,47,0,0.9329608938547486,1.3722728726162899e-17
dust,1,0.5,0.0,1.25,0.5,168.0,4,1,0.02,12,84,ret,0.25,1.0,0.0,1,58.0,0.9800000000000002,644.8907042084517,197,13.619295791339999,0.0071028898661577924,0,0.0,48,47,0,0.9329608938547486,-1.2068765188546278e-17
dust,2,0.5,0.0,1.25,0.5,168.0,4,1,0.02,12,84,ret,0.25,1.0,0.0,1,36.0,0.5426630542711849,550.590888785601,199,129.8566112143164,2.754223906975716,2,9336.0,48,47,0,0.9329608938547486,9.145901499414407e-17
dust,3,0.5,0.0,1.25,0.5,168.0,4,1,0.02,12,84,ret,0.25,1.0,0.0,1,36.0,0.5968429667722625,516.1368482659171,199,122.42398506742094,1.8754200779272194,2,14376.0,48,47,0,0.9329608938547486,6.044719866383243e-17
dust,4,0.5,0.0,1.25,0.5,168.0,4,1,0.02,12,84,ret,0.25,1.0,0.0,1,29.0,0.5892971684571594,546.1511208574575,198,140.9663791425058,2.7626597765764704,2,14376.0,48,47,0,0.9329608938547486,6.507312793310391e-17
dust,0,0.5,0.0,1.25,0.5,168.0,4,1,0.05,12,84,ret,0.25,1.0,0.0,1,29.0,0.95,653.4572631721306,197,33.96148682806323,0.4114458276304582,0,0.0,48,47,0,0.9329608938547486,1.0078840307351281e-16
dust,1,0.5,0.0,1.25,0.5,168.0,4,1,0.05,12,84,ret,0.25,1.0,0.0,1,58.0,0.95,625.2267605218213,197,34.04823947835114,0.4528809225820827,0,0.0,48,47,0,0.9329608938547486,1.0251989615195521e-16
dust,2,0.5,0.0,1.25,0.5,168.0,4,1,0.05,12,84,ret,0.25,1.0,0.0,1,36.0,0.5260509199567609,534.4724293306406,199,146.64632066936377,3.0833184159017866,2,9336.0,48,47,0,0.9329608938547486,1.354182646423608e-17
dust,3,0.5,0.0,1.25,0.5,168.0,4,1,0.05,12,84,ret,0.25,1.0,0.0,1,36.0,0.5785722637078055,500.6831295988888,199,139.468953734446,2.2521525910690796,2,14376.0,48,47,0,0.9329608938547486,-8.09149974418381e-17
dust,4,0.5,0.0,1.25,0.5,168.0,4,1,0.05,12,84,ret,0.25,1.0,0.0,1,29.0,0.571257459218675,529.9028647845527,198,157.39088521542956,3.102573124973747,2,14376.0,48,47,0,0.9329608938547486,2.6230827979388592e-17
cadence,0,0.5,0.0,1.25,0.5,168.0,4,1,0.02,24,168,ret,0.25,1.0,0.0,1,36.0,0.98,659.9621852741078,99,13.600314725677256,-0.009280729203704274,0,0.0,48,47,0,0.9329608938547486,1.2947433317905107e-17
cadence,1,0.5,0.0,1.25,0.5,168.0,4,1,0.02,24,168,ret,0.25,1.0,0.0,1,99.0,0.98,604.8021572785923,99,13.594509387884013,0.006660275518729497,0,0.0,48,47,0,0.9329608938547486,-1.2120451549096798e-17
cadence,2,0.5,0.0,1.25,0.5,168.0,4,1,0.02,24,168,ret,0.25,1.0,0.0,1,79.0,0.6099893613603268,536.002622631036,99,102.27987736884143,2.0988230604681326,2,9336.0,48,47,0,0.9329608938547486,9.254442856570497e-17
cadence,3,0.5,0.0,1.25,0.5,168.0,4,1,0.02,24,168,ret,0.25,1.0,0.0,1,57.0,0.6469401561078928,479.74960389296,100,168.26956277369095,2.665861072862908,2,14376.0,48,47,0,0.9329608938547486,5.4787542183550553e-17
cadence,4,0.5,0.0,1.25,0.5,168.0,4,1,0.02,24,168,ret,0.25,1.0,0.0,1,43.0,0.4888731658353249,497.0455500228873,100,142.24944997712007,2.7906306075209266,2,14376.0,48,47,0,0.9329608938547486,6.300567351108314e-17
cadence,0,0.7,0.0,1.25,0.5,168.0,4,1,0.02,24,168,ret,0.25,1.0,0.0,1,36.0,0.98,666.8221852741048,99,13.600314725677256,-0.009280729203704274,0,0.0,48,47,0,0.9329608938547486,1.1784490205518421e-17
cadence,1,0.7,0.0,1.25,0.5,168.0,4,1,0.02,24,168,ret,0.25,1.0,0.0,1,36.0,0.9800000000000002,666.700542005059,99,13.629457994723046,0.0072451376184007946,0,0.0,48,47,0,0.9329608938547486,-1.2456412892675174e-17
cadence,2,0.7,0.0,1.25,0.5,168.0,4,1,0.02,24,168,ret,0.25,1.0,0.0,1,43.0,0.6757201156283388,587.0932983315424,99,86.52170166837601,1.722555957360871,2,9336.0,48,47,0,0.9329608938547486,9.732541691662801e-17
cadence,3,0.7,0.0,1.25,0.5,168.0,4,1,0.02,24,168,ret,0.25,1.0,0.0,1,43.0,0.6699681202160224,562.1176676836276,100,111.29483231636894,1.6835381339435633,2,14376.0,48,47,0,0.9329608938547486,5.4115619496393803e-17
cadence,4,0.7,0.0,1.25,0.5,168.0,4,1,0.02,24,168,ret,0.25,1.0,0.0,1,36.0,0.7069013310544687,587.7559040512084,99,92.6165959488145,1.71158670918066,2,14376.0,48,47,0,0.9329608938547486,7.003501854595378e-17
cadence,0,0.5,0.0,1.25,0.5,168.0,4,1,0.02,12,84,ret,0.25,1.0,0.0,1,29.0,0.98,673.582905268554,197,13.584594731225007,-0.009595129092749267,0,0.0,48,47,0,0.9329608938547486,1.3722728726162899e-17
cadence,1,0.5,0.0,1.25,0.5,168.0,4,1,0.02,12,84,ret,0.25,1.0,0.0,1,58.0,0.9800000000000002,644.8907042084517,197,13.619295791339999,0.0071028898661577924,0,0.0,48,47,0,0.9329608938547486,-1.2068765188546278e-17
cadence,2,0.5,0.0,1.25,0.5,168.0,4,1,0.02,12,84,ret,0.25,1.0,0.0,1,36.0,0.5426630542711849,550.590888785601,199,129.8566112143164,2.754223906975716,2,9336.0,48,47,0,0.9329608938547486,9.145901499414407e-17
cadence,3,0.5,0.0,1.25,0.5,168.0,4,1,0.02,12,84,ret,0.25,1.0,0.0,1,36.0,0.5968429667722625,516.1368482659171,199,122.42398506742094,1.8754200779272194,2,14376.0,48,47,0,0.9329608938547486,6.044719866383243e-17
cadence,4,0.5,0.0,1.25,0.5,168.0,4,1,0.02,12,84,ret,0.25,1.0,0.0,1,29.0,0.5892971684571594,546.1511208574575,198,140.9663791425058,2.7626597765764704,2,14376.0,48,47,0,0.9329608938547486,6.507312793310391e-17
cadence,0,0.7,0.0,1.25,0.5,168.0,4,1,0.02,12,84,ret,0.25,1.0,0.0,1,25.5,0.98,676.966436799839,194,13.611063199938489,-0.009065759718479637,0,0.0,48,47,0,0.9329608938547486,1.3180021940382445e-17
cadence,1,0.7,0.0,1.25,0.5,168.0,4,1,0.02,12,84,ret,0.25,1.0,0.0,1,29.0,0.9800000000000002,673.4327225111275,195,13.618110821984837,0.0069214597405366785,0,0.0,48,47,0,0.9329608938547486,-1.615198767203731e-17
cadence,2,0.7,0.0,1.25,0.5,168.0,4,1,0.02,12,84,ret,0.25,1.0,0.0,1,29.0,0.6473059060099785,588.6907123285972,194,98.47678767127283,2.007085251188964,2,9336.0,48,47,0,0.9329608938547486,8.902975604826965e-17
cadence,3,0.7,0.0,1.25,0.5,168.0,4,1,0.02,12,84,ret,0.25,1.0,0.0,1,29.0,0.6756446485907769,587.1371640772076,194,99.8636692560816,1.4864491156627473,2,14376.0,48,47,0,0.9329608938547486,5.737186021107653e-17
cadence,4,0.7,0.0,1.25,0.5,168.0,4,1,0.02,12,84,ret,0.25,1.0,0.0,1,22.0,0.6877508624728886,600.3517739011401,193,93.54572609884167,1.731753812330703,2,14376.0,48,47,0,0.9329608938547486,6.667540511017002e-17
cadence,0,0.5,0.0,1.25,0.5,168.0,4,1,0.02,8,36,ret,0.25,1.0,0.0,1,28.0,0.98,667.6611482020006,408,13.581351797781029,-0.009659987761628835,0,0.0,48,47,0,0.9329608938547486,1.3722728726162899e-17
cadence,1,0.5,0.0,1.25,0.5,168.0,4,1,0.02,8,36,ret,0.25,1.0,0.0,1,36.666666666666664,0.98,665.9289747585052,405,13.641025241277166,0.007426810338443855,0,0.0,48,47,0,0.9329608938547486,-1.3309237841758744e-17
cadence,2,0.5,0.0,1.25,0.5,168.0,4,1,0.02,8,36,ret,0.25,1.0,0.0,1,39.333333333333336,0.43761891592552815,522.5896869550858,409,151.2986463781383,3.264762302042787,2,9336.0,48,47,0,0.9329608938547486,9.060619004506049e-17
cadence,3,0.5,0.0,1.25,0.5,168.0,4,1,0.02,8,36,ret,0.25,1.0,0.0,1,28.0,0.5664964375830351,517.6093775982293,407,136.46812240176266,2.1175603767951796,2,14376.0,48,47,0,0.9329608938547486,5.3521226350062833e-17
cadence,4,0.5,0.0,1.25,0.5,168.0,4,1,0.02,8,36,ret,0.25,1.0,0.0,1,31.0,0.5797118549644455,535.181315567267,409,143.45785109937603,2.816839869460938,2,14376.0,48,47,0,0.9329608938547486,6.22045349225501e-17
cadence,0,0.7,0.0,1.25,0.5,168.0,4,1,0.02,8,36,ret,0.25,1.0,0.0,1,28.0,0.9800000000000002,674.5328783181758,399,13.56962168160273,-0.0098945900851948,0,0.0,48,47,0,0.9329608938547486,1.188786292661946e-17
cadence,1,0.7,0.0,1.25,0.5,168.0,4,1,0.02,8,36,ret,0.25,1.0,0.0,1,28.0,0.98,674.481150519829,400,13.56968281328281,0.005965445998904299,0,0.0,48,47,0,0.9329608938547486,-1.4808142297723805e-17
cadence,2,0.7,0.0,1.25,0.5,168.0,4,1,0.02,8,36,ret,0.25,1.0,0.0,1,28.0,0.6453142593397055,595.7945180122141,403,92.30798198768022,1.860279264446267,2,9336.0,48,47,0,0.9329608938547486,9.43792943652484e-17
cadence,3,0.7,0.0,1.25,0.5,168.0,4,1,0.02,8,36,ret,0.25,1.0,0.0,1,28.0,0.7021692024950944,591.8785538506522,398,96.17227948266404,1.4228044643969273,2,14376.0,48,47,0,0.9329608938547486,5.564036713263413e-17
cadence,4,0.7,0.0,1.25,0.5,168.0,4,1,0.02,8,36,ret,0.25,1.0,0.0,1,27.666666666666668,0.6940537407982453,590.6149831094687,401,97.7641835571685,1.8235301808004003,2,14376.0,48,47,0,0.9329608938547486,6.414277344319456e-17
cadence,0,0.5,0.0,1.25,0.5,168.0,4,1,0.02,4,16,ret,0.25,1.0,0.0,1,25.833333333333332,0.9535381750465548,671.2268409287693,987,13.593159071010664,-0.009423842297036113,0,0.0,48,47,0,0.9329608938547486,0.026461824953445085
cadence,1,0.5,0.0,1.25,0.5,168.0,4,1,0.02,4,16,ret,0.25,1.0,0.0,1,27.666666666666668,0.98,668.0155598652374,993,13.635273467877372,0.007337424348836281,0,0.0,48,47,0,0.9329608938547486,-1.6126144491762052e-17
cadence,2,0.5,0.0,1.25,0.5,168.0,4,1,0.02,4,16,ret,0.25,1.0,0.0,1,25.166666666666668,0.4959937650738981,562.9668806751428,987,127.18645265806683,2.6906902243110538,2,9336.0,48,47,0,0.9329608938547486,8.913312876937069e-17
cadence,3,0.5,0.0,1.25,0.5,168.0,4,1,0.02,4,16,ret,0.25,1.0,0.0,1,55.833333333333336,0.6017783104899421,529.6525610762659,995,131.220772257045,2.02708882257591,2,14376.0,48,47,0,0.9329608938547486,5.651903526199295e-17
cadence,4,0.5,0.0,1.25,0.5,168.0,4,1,0.02,4,16,ret,0.25,1.0,0.0,1,26.5,0.5997281476565072,545.4849827342176,1004,140.71501726575272,2.757175503175425,2,14376.0,48,47,0,0.9329608938547486,6.706305281429892e-17
cadence,0,0.7,0.0,1.25,0.5,168.0,4,1,0.02,4,16,ret,0.25,1.0,0.0,1,25.833333333333332,0.98,676.6274300202472,964,13.582569979530476,-0.009635624126639888,0,0.0,48,47,0,0.9329608938547486,1.5893555869284712e-17
cadence,1,0.7,0.0,1.25,0.5,168.0,4,1,0.02,4,16,ret,0.25,1.0,0.0,1,22.833333333333332,0.98,679.4818038696984,970,13.591529463411158,0.006607062581714167,0,0.0,48,47,0,0.9329608938547486,-1.3645199185337119e-17
cadence,2,0.7,0.0,1.25,0.5,168.0,4,1,0.02,4,16,ret,0.25,1.0,0.0,1,22.833333333333332,0.6769022467293508,606.3109280659812,969,86.73573860055937,1.7276824160409359,2,9336.0,48,47,0,0.9329608938547486,9.089046502808835e-17
cadence,3,0.7,0.0,1.25,0.5,168.0,4,1,0.02,4,16,ret,0.25,1.0,0.0,1,22.833333333333332,0.6843139348959177,594.9158099133123,975,98.08419008666888,1.4557684403280453,2,14376.0,48,47,0,0.9329608938547486,5.287514684318134e-17
cadence,4,0.7,0.0,1.25,0.5,168.0,4,1,0.02,4,16,ret,0.25,1.0,0.0,1,22.833333333333332,0.6919347001820055,595.5636728515648,974,97.49299381506641,1.8176007946900292,2,14376.0,48,47,0,0.9329608938547486,6.396187118126775e-17
advonly,0,0.5,0.0,1.25,0.5,168.0,4,1,0.02,12,84,ret,0.25,1.0,100000.0,0,,0.0,0.0,0,13.647500000000083,-0.008337023717247753,0,0.0,48,47,0,0.9329608938547486,0.9800000000000004
advonly,1,0.5,0.0,1.25,0.5,168.0,4,1,0.02,12,84,ret,0.25,1.0,100000.0,0,,0.0,0.0,0,13.65000000000003,0.0076511793065154945,0,0.0,48,47,0,0.9329608938547486,0.9800000000000004
advonly,2,0.5,0.0,1.25,0.5,168.0,4,1,0.02,12,84,ret,0.25,1.0,100000.0,0,,0.0,0.0,0,241.92750000000427,5.422466809641579,2,9336.0,48,47,0,0.9329608938547486,5.295267638400712e-17
advonly,3,0.5,0.0,1.25,0.5,168.0,4,1,0.02,12,84,ret,0.25,1.0,100000.0,0,,0.0,0.0,0,447.7299999999749,7.48414447331608,2,14376.0,48,47,0,0.9329608938547486,7.440251601247266e-17
advonly,4,0.5,0.0,1.25,0.5,168.0,4,1,0.02,12,84,ret,0.25,1.0,100000.0,0,,0.0,0.0,0,447.7374999999749,9.4315145863194,2,14376.0,48,47,0,0.9329608938547486,8.321504048633622e-17
advonly,5,0.5,0.0,1.25,0.5,168.0,4,1,0.02,12,84,ret,0.25,1.0,100000.0,0,,0.0,0.0,0,241.9299999999767,4.957118728061592,1,5592.0,48,47,0,0.9329608938547486,1.0479409601617807e-16
advonly,6,0.5,0.0,1.25,0.5,168.0,4,1,0.02,12,84,ret,0.25,1.0,100000.0,0,,0.0,0.0,0,447.7874999998859,9.431663196180027,1,10632.0,48,47,0,0.9329608938547486,9.605910108314029e-17
advonly,7,0.5,0.0,1.25,0.5,168.0,4,1,0.02,12,84,ret,0.25,1.0,100000.0,0,,0.0,0.0,0,166.5300000000022,3.3136208889446634,1,3744.0,48,47,0,0.9329608938547486,0.12592178770949727
advonly,8,0.5,0.0,1.25,0.5,168.0,4,1,0.02,12,84,ret,0.25,1.0,100000.0,0,,0.0,0.0,0,447.73749999997506,8.033784622888419,2,14376.0,48,47,0,0.9329608938547486,1.5738496787633156e-17
advonly,9,0.5,0.0,1.25,0.5,168.0,4,1,0.02,12,84,ret,0.25,1.0,100000.0,0,,0.0,0.0,0,447.7274999999753,9.037309751156895,2,14376.0,48,47,0,0.9329608938547486,7.442835919274792e-17
stat,0,0.5,0.0,1.25,0.5,168.0,4,1,0.02,12,84,ret,0.25,1.0,0.0,1,29.0,0.98,673.582905268554,197,13.584594731225007,-0.009595129092749267,0,0.0,48,47,0,0.9329608938547486,1.3722728726162899e-17
stat,1,0.5,0.0,1.25,0.5,168.0,4,1,0.02,12,84,ret,0.25,1.0,0.0,1,58.0,0.9800000000000002,644.8907042084517,197,13.619295791339999,0.0071028898661577924,0,0.0,48,47,0,0.9329608938547486,-1.2068765188546278e-17
stat,2,0.5,0.0,1.25,0.5,168.0,4,1,0.02,12,84,ret,0.25,1.0,0.0,1,36.0,0.5426630542711849,550.590888785601,199,129.8566112143164,2.754223906975716,2,9336.0,48,47,0,0.9329608938547486,9.145901499414407e-17
stat,3,0.5,0.0,1.25,0.5,168.0,4,1,0.02,12,84,ret,0.25,1.0,0.0,1,36.0,0.5968429667722625,516.1368482659171,199,122.42398506742094,1.8754200779272194,2,14376.0,48,47,0,0.9329608938547486,6.044719866383243e-17
stat,4,0.5,0.0,1.25,0.5,168.0,4,1,0.02,12,84,ret,0.25,1.0,0.0,1,29.0,0.5892971684571594,546.1511208574575,198,140.9663791425058,2.7626597765764704,2,14376.0,48,47,0,0.9329608938547486,6.507312793310391e-17
stat,0,0.7,0.0,1.25,0.5,168.0,4,1,0.02,12,84,ret,0.25,1.0,0.0,1,25.5,0.98,676.966436799839,194,13.611063199938489,-0.009065759718479637,0,0.0,48,47,0,0.9329608938547486,1.3180021940382445e-17
stat,1,0.7,0.0,1.25,0.5,168.0,4,1,0.02,12,84,ret,0.25,1.0,0.0,1,29.0,0.9800000000000002,673.4327225111275,195,13.618110821984837,0.0069214597405366785,0,0.0,48,47,0,0.9329608938547486,-1.615198767203731e-17
stat,2,0.7,0.0,1.25,0.5,168.0,4,1,0.02,12,84,ret,0.25,1.0,0.0,1,29.0,0.6473059060099785,588.6907123285972,194,98.47678767127283,2.007085251188964,2,9336.0,48,47,0,0.9329608938547486,8.902975604826965e-17
stat,3,0.7,0.0,1.25,0.5,168.0,4,1,0.02,12,84,ret,0.25,1.0,0.0,1,29.0,0.6756446485907769,587.1371640772076,194,99.8636692560816,1.4864491156627473,2,14376.0,48,47,0,0.9329608938547486,5.737186021107653e-17
stat,4,0.7,0.0,1.25,0.5,168.0,4,1,0.02,12,84,ret,0.25,1.0,0.0,1,22.0,0.6877508624728886,600.3517739011401,193,93.54572609884167,1.731753812330703,2,14376.0,48,47,0,0.9329608938547486,6.667540511017002e-17
stat,0,0.5,0.0,1.25,0.5,168.0,4,1,0.02,12,84,alpha,0.25,1.0,0.0,1,43.5,0.98,659.618552279603,197,13.54144772018211,-0.01045806931360721,0,0.0,48,47,0,0.9329608938547486,1.3722728726162899e-17
stat,1,0.5,0.0,1.25,0.5,168.0,4,1,0.02,12,84,alpha,0.25,1.0,0.0,1,75.5,0.9800000000000002,627.892571381852,197,13.467428617947245,0.004390976055572898,0,0.0,48,47,0,0.9329608938547486,-1.2068765188546278e-17
stat,2,0.5,0.0,1.25,0.5,168.0,4,1,0.02,12,84,alpha,0.25,1.0,0.0,1,43.5,0.9800000000000002,659.6330772205243,199,13.526922779261207,-0.011906317996796085,0,0.0,48,47,0,0.9329608938547486,5.018745609455433e-17
stat,3,0.5,0.0,1.25,0.5,168.0,4,1,0.02,12,84,alpha,0.25,1.0,0.0,1,43.5,0.98,617.7272662000994,199,13.566067133037034,-0.0166022886443306,0,0.0,48,47,0,0.9329608938547486,-3.633551146701513e-17
stat,4,0.5,0.0,1.25,0.5,168.0,4,1,0.02,12,84,alpha,0.25,1.0,0.0,1,116.0,0.98,589.3172032855224,198,12.849463380960254,-0.019842639882686322,0,0.0,48,47,0,0.9329608938547486,1.6513792195890945e-17
stat,0,0.7,0.0,1.25,0.5,168.0,4,1,0.02,12,84,alpha,0.25,1.0,0.0,1,43.5,0.98,659.6165630565641,194,13.543436943220987,-0.010418284852829661,0,0.0,48,47,0,0.9329608938547486,1.3180021940382445e-17
stat,1,0.7,0.0,1.25,0.5,168.0,4,1,0.02,12,84,alpha,0.25,1.0,0.0,1,50.5,0.9800000000000002,652.7174521989706,195,13.572547800817556,0.006107834362549587,0,0.0,48,47,0,0.9329608938547486,-1.615198767203731e-17
stat,2,0.7,0.0,1.25,0.5,168.0,4,1,0.02,12,84,alpha,0.25,1.0,0.0,1,43.5,0.98,659.6344130794567,194,13.525586920328811,-0.011931056125173752,0,0.0,48,47,0,0.9329608938547486,5.098859468308738e-17
stat,3,0.7,0.0,1.25,0.5,168.0,4,1,0.02,12,84,alpha,0.25,1.0,0.0,1,43.5,0.98,659.4504422229767,194,13.562891110141175,-0.016657047659776495,0,0.0,48,47,0,0.9329608938547486,-3.540515697710578e-17
stat,4,0.7,0.0,1.25,0.5,168.0,4,1,0.02,12,84,alpha,0.25,1.0,0.0,1,43.0,0.98,660.1090600729576,193,13.510939926826685,-0.005531295553416006,0,0.0,48,47,0,0.9329608938547486,2.1579055529841846e-17
nogate,0,0.5,0.0,1.25,0.5,168.0,4,1,0.02,12,84,none,0.25,1.0,0.0,0,,0.08161326632631431,105.71805535497425,0,602.6152779783581,2.0736968608667175,0,0.0,240,240,0,7.386638733705773,0.0
nogate,1,0.5,0.0,1.25,0.5,168.0,4,1,0.02,12,84,none,0.25,1.0,0.0,0,,0.14032216820871832,116.52931316415537,0,576.0956868358452,1.9741484749822678,0,0.0,240,240,0,9.096135940409683,0.0
nogate,2,0.5,0.0,1.25,0.5,168.0,4,1,0.02,12,84,none,0.25,1.0,0.0,0,,0.08287893626387302,112.98880975846508,0,595.3445235748662,2.3295887474104595,0,0.0,219,218,0,8.45344506517691,0.0
nogate,3,0.5,0.0,1.25,0.5,168.0,4,1,0.02,12,84,none,0.25,1.0,0.0,0,,0.14961765962636914,90.53102359308258,0,608.4689764069145,2.1691325462223663,0,0.0,240,240,0,6.626396648044692,0.0
nogate,4,0.5,0.0,1.25,0.5,168.0,4,1,0.02,12,84,none,0.25,1.0,0.0,0,,0.13443115340764233,117.67286244898084,0,590.6604708843535,2.0227022170847784,0,0.0,240,240,0,7.050977653631285,0.0
nogate,0,0.7,0.0,1.25,0.5,168.0,4,1,0.02,12,84,none,0.25,1.0,0.0,0,,0.28050646657874434,216.46554092699773,0,491.86779240633405,1.679692293659338,0,0.0,240,240,0,7.313314711359404,0.0
nogate,1,0.7,0.0,1.25,0.5,168.0,4,1,0.02,12,84,none,0.25,1.0,0.0,0,,0.17654314194413268,188.15081164219512,0,516.8491883578014,2.097777868449055,0,0.0,207,204,0,7.542364990689013,0.0
nogate,2,0.7,0.0,1.25,0.5,168.0,4,1,0.02,12,84,none,0.25,1.0,0.0,0,,0.22202739395932464,218.20059807069137,0,490.1327352626539,2.1870801251258407,0,0.0,190,187,0,6.843808193668528,0.0
nogate,3,0.7,0.0,1.25,0.5,168.0,4,1,0.02,12,84,none,0.25,1.0,0.0,0,,0.23529467486117642,173.58113889054562,0,528.9188611094504,1.8113078558599387,0,0.0,240,239,0,6.956005586592179,0.0
nogate,4,0.7,0.0,1.25,0.5,168.0,4,1,0.02,12,84,none,0.25,1.0,0.0,0,,0.22729965311256087,230.30597907089,0,478.02735426244647,1.5691626218581884,0,0.0,239,236,0,8.307262569832401,0.0
gammatau,0,0.5,0.0,1.25,0.5,168.0,4,1,0.02,12,84,ret,0.15,0.3,0.0,1,29.0,0.98,673.5790800502801,197,13.588419949499022,-0.00941015517996869,0,0.0,48,47,0,0.9329608938547486,-1.6591321736716724e-17
gammatau,1,0.5,0.0,1.25,0.5,168.0,4,1,0.02,12,84,ret,0.15,0.3,0.0,1,58.0,0.98,644.8896772070448,197,13.62698945941404,0.007092885693732273,0,0.0,48,47,0,0.9329608938547486,7.631491135284188e-17
gammatau,2,0.5,0.0,1.25,0.5,168.0,4,1,0.02,12,84,ret,0.15,0.3,0.0,1,36.0,0.592118802157607,559.852249958078,199,120.59525004182078,2.5338409842232035,2,9336.0,48,47,0,0.9329608938547486,8.936571739184803e-17
gammatau,0,0.5,0.0,1.25,0.5,168.0,4,1,0.02,12,84,ret,0.15,1.0,0.0,1,29.0,0.98,673.5790800502801,197,13.588419949499269,-0.009467239779005942,0,0.0,48,47,0,0.9329608938547486,4.742223580510154e-17
gammatau,1,0.5,0.0,1.25,0.5,168.0,4,1,0.02,12,84,ret,0.15,1.0,0.0,1,58.0,0.98,644.8896772070448,197,13.626989459413732,0.007231389133738969,0,0.0,48,47,0,0.9329608938547486,5.0626790159233744e-17
gammatau,2,0.5,0.0,1.25,0.5,168.0,4,1,0.02,12,84,ret,0.15,1.0,0.0,1,36.0,0.5465788272532693,551.6658263962397,199,128.7816736036365,2.7287724939891467,2,9336.0,48,47,0,0.9329608938547486,5.672578070419504e-17
gammatau,0,0.5,0.0,1.25,0.5,168.0,4,1,0.02,12,84,ret,0.25,0.3,0.0,1,29.0,0.98,673.582905268554,197,13.584594731225064,-0.009537650835386748,0,0.0,48,47,0,0.9329608938547486,-7.215415932852508e-17
gammatau,1,0.5,0.0,1.25,0.5,168.0,4,1,0.02,12,84,ret,0.25,0.3,0.0,1,58.0,0.98,644.8907042084517,197,13.619295791339905,0.0069585133219186995,0,0.0,48,47,0,0.9329608938547486,7.928687708449675e-17
gammatau,2,0.5,0.0,1.25,0.5,168.0,4,1,0.02,12,84,ret,0.25,0.3,0.0,1,36.0,0.5886701747381605,558.8624858714927,199,121.58501412838272,2.5572649282693583,2,9336.0,48,47,0,0.9329608938547486,1.2668326970932302e-16
gammatau,0,0.5,0.0,1.25,0.5,168.0,4,1,0.02,12,84,ret,0.25,1.0,0.0,1,29.0,0.98,673.582905268554,197,13.584594731225007,-0.009595129092749267,0,0.0,48,47,0,0.9329608938547486,1.3722728726162899e-17
gammatau,1,0.5,0.0,1.25,0.5,168.0,4,1,0.02,12,84,ret,0.25,1.0,0.0,1,58.0,0.9800000000000002,644.8907042084517,197,13.619295791339999,0.0071028898661577924,0,0.0,48,47,0,0.9329608938547486,-1.2068765188546278e-17
gammatau,2,0.5,0.0,1.25,0.5,168.0,4,1,0.02,12,84,ret,0.25,1.0,0.0,1,36.0,0.5426630542711849,550.590888785601,199,129.8566112143164,2.754223906975716,2,9336.0,48,47,0,0.9329608938547486,9.145901499414407e-17
gammatau,0,0.5,0.0,1.25,0.5,168.0,4,1,0.02,12,84,ret,0.4,0.3,0.0,1,29.0,0.98,673.5887762583826,197,13.572057074729656,-0.0098680147258568,0,0.0,48,47,0,0.9329608938547486,2.537800303030502e-17
gammatau,1,0.5,0.0,1.25,0.5,168.0,4,1,0.02,12,84,ret,0.4,0.3,0.0,1,58.0,0.98,644.8972231791817,197,13.599443487276895,0.006657317627951027,0,0.0,48,47,0,0.9329608938547486,3.876477041288954e-19
gammatau,2,0.5,0.0,1.25,0.5,168.0,4,1,0.02,12,84,ret,0.4,0.3,0.0,1,36.0,0.5831688994368185,557.2674897244475,199,123.17334360876,2.594829273576466,2,9336.0,48,47,0,0.9329608938547486,-1.9098110223416914e-17
gammatau,0,0.5,0.0,1.25,0.5,168.0,4,1,0.02,12,84,ret,0.4,1.0,0.0,1,29.0,0.98,673.5887762583826,197,13.572057074729646,-0.009926229210614385,0,0.0,48,47,0,0.9329608938547486,8.592857441523848e-17
gammatau,1,0.5,0.0,1.25,0.5,168.0,4,1,0.02,12,84,ret,0.4,1.0,0.0,1,58.0,0.98,644.8972231791817,197,13.599443487276421,0.006812036493643099,0,0.0,48,47,0,0.9329608938547486,-8.605779031661478e-18
gammatau,2,0.5,0.0,1.25,0.5,168.0,4,1,0.02,12,84,ret,0.4,1.0,0.0,1,36.0,0.5363958573275667,548.8561878039769,199,131.5846455292429,2.7951137082845974,2,9336.0,48,47,0,0.9329608938547486,3.0753384527559037e-18
