seed,skin,bond,adversary,breakw,sk_w,empty,gate_z,sk_policy,sk_topups_tao,sk_swept_tao,sk_ruin_weeks,clear_day,steady,sk_em_pd,sk_pre_clear_pd,sk_settle_tao,sk_net_tao,leak_pct,adv_ev_tao,adv_settle_tao,adv_stake_now,passes,entries,adv_entry_mean,adv_entry_min_frac,crowd
0,off,0.0,aware,False,0.7,False,1.25,f0.03+refill+sweep,12.92793107563298,10.541231625473579,0,25.5,0.98,676.966436799839,0.27643680006159216,-2.3866994501593917,1270.3102017335377,1.901097112253528,0.037005461561096575,0.049722905211653984,0.10278047216708337,0,48,1.0,1.0,0.9329608938547486
1,off,0.0,aware,False,0.7,False,1.25,f0.03+refill+sweep,12.12572991944593,11.91601995829734,0,29.0,0.9800000000000002,673.4327225111275,0.17272251134852842,0.04029003885140814,1266.093808359771,1.9020814742922427,-0.01328078759647977,-0.0008393758094043339,0.18013253624858783,0,48,1.0,1.0,0.9329608938547486
2,off,0.0,aware,False,0.7,False,1.25,f0.03+refill+sweep,14.234367771910012,9.26929141131474,0,29.0,0.6473059060099785,588.6907123285972,0.341090931747365,-4.715076360595278,1102.0234628171672,13.754541722112249,3.4094208556557724,0.09823075751240162,0.12103662353276061,2,48,1.0,1.0,0.9329608938547486
3,off,0.0,aware,False,0.7,False,1.25,f0.03+refill+sweep,13.615338720363631,11.157038589885374,0,29.0,0.6756446485907769,587.1371640772076,0.15630743619582357,-2.458300130478241,1101.3595683346718,13.948251540161545,3.4167242129333437,0.051214586051630005,0.13946439213920936,2,48,1.0,1.0,0.9329608938547486
4,off,0.0,aware,False,0.7,False,1.25,f0.03+refill+sweep,8.159398920066863,9.849794563679893,0,22.0,0.6877508624728886,600.3517739011401,0.2147287206631422,1.9403956436130239,1130.6017305777561,13.065805891708084,3.077631943981212,-0.04042490924193803,0.11614775855883312,2,48,1.0,1.0,0.9329608938547486
0,always,0.0,aware,False,0.7,False,1.25,f0.03+refill+sweep,15.176035792375338,143.4957637928544,0,25.5,0.98,676.986524290672,0.29652429089457644,128.31972800047907,1401.0543936669421,1.3635768900571945,-2.8367749259403916,-2.6733276666766463,0.41082350831796854,0,48,15.0,0.0,0.9329608938547486
1,always,0.0,aware,False,0.7,False,1.25,f0.03+refill+sweep,12.895838814296447,143.95047868871546,0,29.0,0.98,673.4509979552791,0.1909979555001459,134.80463987441902,1400.8925160303436,1.3878603798404519,-2.9650677529556524,-2.8084299973837292,0.4054450362485878,0,48,15.0,0.0,0.9329608938547486
2,always,0.0,aware,False,0.7,False,1.25,f0.03+refill+sweep,17.602026369259317,130.99321297861675,0,29.0,0.9778110013811953,670.6019018312871,0.3536486851045959,117.14118660935742,1377.872762052177,1.8534269687829945,-2.466526350629166,-2.4404413876949467,0.35892005513030956,2,48,15.0,0.0,0.9329608938547486
3,always,0.0,aware,False,0.7,False,1.25,f0.03+refill+sweep,18.144825888821767,151.0463753082105,0,29.0,0.98,673.4222518774849,0.16225187770588426,132.9015494193887,1398.9353829490599,0.5953905309611733,-3.147642063762227,-2.7687822795705976,0.4520890837870924,2,48,15.0,0.0,0.9329608938547486
4,always,0.0,aware,False,0.7,False,1.25,f0.03+refill+sweep,10.738071062129823,146.1821108735486,0,22.0,0.98,680.3519883173373,0.23198831756138505,139.19403981141875,1418.2557778480127,1.148648550186374,-3.123592651934974,-2.8998758294045572,0.33967588612890326,2,48,15.0,0.0,0.9329608938547486
0,cleared_only,0.0,aware,False,0.7,False,1.25,f0.03+refill+sweep,12.92793107563298,10.541231625473579,0,25.5,0.98,676.966436799839,0.27643680006159216,-2.3866994501593917,1270.3102017335377,1.901097112253528,0.037005461561096575,0.049722905211653984,0.10278047216708337,0,48,1.0,1.0,0.9329608938547486
1,cleared_only,0.0,aware,False,0.7,False,1.25,f0.03+refill+sweep,12.12572991944593,11.91601995829734,0,29.0,0.98,673.4327225111275,0.17272251134852842,0.04029003885140814,1266.093808359771,1.9020814742922427,-0.01328078759647977,-0.0008393758094043339,0.18013253624858783,0,48,1.0,1.0,0.9329608938547486
2,cleared_only,0.0,aware,False,0.7,False,1.25,f0.03+refill+sweep,14.234367771910012,9.26929141131474,0,29.0,0.9777293682496622,670.5269673315705,0.341090931747365,-4.715076360595278,1255.875622222757,2.3242319969693104,0.20416753470606322,0.09823075751240162,0.12103662353276061,2,48,1.0,1.0,0.9329608938547486
3,cleared_only,0.0,aware,False,0.7,False,1.25,f0.03+refill+sweep,13.615338720363631,11.157038589885374,0,29.0,0.98,673.4163074359748,0.15630743619582357,-2.458300130478241,1263.5643578491542,1.8973905693493818,0.03745776470804094,0.051214586051630005,0.13946439213920936,2,48,1.0,1.0,0.9329608938547486
4,cleared_only,0.0,aware,False,0.7,False,1.25,f0.03+refill+sweep,8.159398920066863,9.849794563679893,0,22.0,0.9800000000000002,680.3347287204391,0.2147287206631422,1.9403956436130239,1280.9696856380383,1.8943520380846528,-0.05503378644939042,-0.04042490924193803,0.11614775855883312,2,48,1.0,1.0,0.9329608938547486
0,always,1.5,aware,False,0.7,False,1.25,f0.03+refill+sweep,15.176035792375338,143.4957637928544,0,25.5,0.98,676.986524290672,0.29652429089457644,128.31972800047907,1401.0543936669421,1.3635768900571945,-3.057708907858315,-2.6733276666766463,0.41082350831796854,0,48,15.0,0.0,0.9329608938547486
1,always,1.5,aware,False,0.7,False,1.25,f0.03+refill+sweep,12.895838814296447,143.95047868871546,0,29.0,0.98,673.4509979552791,0.1909979555001459,134.80463987441902,1400.8925160303436,1.3878603798404519,-3.193932559680798,-2.8084299973837292,0.4054450362485878,0,48,15.0,0.0,0.9329608938547486
2,always,1.5,aware,False,0.7,False,1.25,f0.03+refill+sweep,17.602026369259317,130.99321297861675,0,29.0,0.9778110013811953,670.6019018312871,0.3536486851045959,117.14118660935742,1377.872762052177,1.8534269687829945,-2.6747526068903835,-2.4404413876949467,0.35892005513030956,2,48,15.0,0.0,0.9329608938547486
3,always,1.5,aware,False,0.7,False,1.25,f0.03+refill+sweep,18.144825888821767,151.0463753082105,0,29.0,0.98,673.4222518774849,0.16225187770588426,132.9015494193887,1398.9353829490599,0.5953905309611733,-3.302327476329857,-2.7687822795705976,0.4520890837870924,2,48,15.0,0.0,0.9329608938547486
4,always,1.5,aware,False,0.7,False,1.25,f0.03+refill+sweep,10.738071062129823,146.1821108735486,0,22.0,0.98,680.3519883173373,0.23198831756138505,139.19403981141875,1418.2557778480127,1.148648550186374,-3.37469032644567,-2.8998758294045572,0.33967588612890326,2,48,15.0,0.0,0.9329608938547486
0,always,0.0,naive_whale,False,0.7,False,1.25,f0.03+refill+sweep,14.721296579253007,333.6162030526566,0,25.5,0.98,676.9680098014372,0.2780098016598896,318.8949064734035,1591.5947649001055,1.3661628630633564,-6.806365993297933,-6.643643884862574,4.1375281758666524,0,48,33.0,0.0,0.9329608938547486
1,always,0.0,naive_whale,False,0.7,False,1.25,f0.03+refill+sweep,13.50874288121527,335.0214217319256,0,29.0,0.98,673.4327225111275,0.17272251134852842,329.7626788507103,1595.8161971716297,1.4276590800653561,-7.015533332287995,-6.870055809389799,4.000409240585401,0,48,33.0,0.0,0.9329608938547486
2,always,0.0,naive_whale,False,0.7,False,1.25,f0.03+refill+sweep,18.547081229964803,305.8795968931094,0,29.0,0.6824712484760367,617.7773260516495,0.34241683070697615,295.58251566314465,1457.0038886402456,9.23159037861789,-4.1150914878795675,-6.157969076315513,5.416929360015822,2,48,33.0,0.0,0.9329608938547486
3,always,0.0,naive_whale,False,0.7,False,1.25,f0.03+refill+sweep,18.861912207815692,356.81479334998244,0,29.0,0.98,673.4163074359748,0.15630743619582357,337.95288114216663,1603.975539121799,0.9818344964866512,-7.3111793451387355,-7.040685023795141,4.88371820885525,2,48,33.0,0.0,0.9329608938547486
4,always,0.0,naive_whale,False,0.7,False,1.25,f0.03+refill+sweep,11.488231296167932,338.3951816095396,0,22.0,0.98,680.3361551599893,0.2161551602133651,335.1569503133717,1614.1889220141513,1.1508600137047116,-7.205533155396189,-6.982436464861908,2.6800483191738835,2,48,33.0,0.0,0.9329608938547486
0,always,0.0,naive_whale,True,0.7,False,1.25,f0.03+refill+sweep,14.721296579253007,365.3089785453524,0,25.5,0.98,676.9680098014372,0.2780098016598896,350.5876819660993,1623.2875403928012,1.366162863063358,-7.466632149395761,-7.303910040960402,4.1375281758666524,0,48,33.0,0.0,0.9329608938547486
1,always,0.0,naive_whale,True,0.7,False,1.25,f0.03+refill+sweep,11.821180797418442,351.7307018448156,0,29.0,0.98,673.4327225111275,0.17272251134852842,348.1595210473971,1614.2130393683165,1.4276590800653695,-7.398800878052299,-7.253323355154108,3.9212015495025105,0,48,33.0,0.0,0.9329608938547486
2,always,0.0,naive_whale,True,0.7,False,1.25,f0.03+refill+sweep,16.329648000425834,322.21911202538973,0,29.0,0.9779785782362109,670.6731380787124,0.34241683070697615,314.13946402496396,1575.0049636129431,1.8434771932037106,-6.573447216477774,-6.544572167186748,4.108604255328309,1,48,33.0,0.0,0.9329608938547486
3,always,0.0,naive_whale,True,0.7,False,1.25,f0.03+refill+sweep,18.330014161185503,378.72525884995304,0,29.0,0.98,673.4163074359748,0.15630743619582357,360.39524468876743,1626.4179026683998,0.981834496486689,-7.778728585692908,-7.508234264349324,4.255375177605863,1,48,33.0,0.0,0.9329608938547486
4,always,0.0,naive_whale,True,0.7,False,1.25,f0.03+refill+sweep,11.488231296167932,363.16895346737317,0,22.0,0.98,680.3361551599893,0.2161551602133651,359.9307221712053,1638.9626938719848,1.1508600137046703,-7.721653402434401,-7.49855671190011,2.6800483191738835,1,48,33.0,0.0,0.9329608938547486
0,always,0.0,aware,True,0.7,False,1.25,f0.03+refill+sweep,15.176035792375338,156.02657083498883,0,25.5,0.98,676.986524290672,0.29652429089457644,140.85053504261347,1413.5852007090766,1.3635768900571867,-3.0978334059848613,-2.934386146721114,0.41082350831796854,0,48,15.0,0.0,0.9329608938547486
1,always,0.0,aware,True,0.7,False,1.25,f0.03+refill+sweep,10.262136416305893,150.43378910284366,0,29.0,0.98,673.4509979552791,0.1909979555001459,143.92165268653778,1410.0095288424623,1.3878603798404463,-3.155005519874795,-2.99836776430287,0.33421875,0,48,15.0,0.0,0.9329608938547486
2,always,0.0,aware,True,0.7,False,1.25,f0.03+refill+sweep,15.54108322282558,138.18376105210467,0,29.0,0.9778433770679891,670.6076970792227,0.3536486851045959,126.39267782927908,1387.1351483382175,1.8526175295089065,-2.6594927315883647,-2.6331807881099816,0.35892005513030956,1,48,15.0,0.0,0.9329608938547486
3,always,0.0,aware,True,0.7,False,1.25,f0.03+refill+sweep,17.612927842191578,160.04360945916684,0,29.0,0.98,673.4222518774849,0.16225187770588426,142.43068161697525,1408.4645151466466,0.5618690271492665,-3.3555656512119465,-2.9673058670203183,0.4520890837870924,1,48,15.0,0.0,0.9329608938547486
4,always,0.0,aware,True,0.7,False,1.25,f0.03+refill+sweep,10.738071062129823,156.18515894703654,0,22.0,0.98,680.3519883173373,0.23198831756138505,149.19708788490667,1428.2588259215008,1.1486485501863735,-3.3319894867993054,-3.1082726642688887,0.33967588612890326,1,48,15.0,0.0,0.9329608938547486
0,always,0.0,aware,False,0.7,False,1.25,f0.03+sweep,0.0,128.45760510685835,0,25.5,0.98,676.986524290672,0.29652429089457644,128.45760510685835,1401.1922707733215,1.3635768900571685,-2.8396473656566337,-2.6762001063928818,0.411111270331101,0,48,15.0,0.0,0.9329608938547486
1,always,0.0,aware,False,0.7,False,1.25,f0.03+sweep,0.0,131.12632718483775,0,29.0,0.98,673.4509979552791,0.1909979555001459,134.87632718483778,1400.9642033407622,1.3878603798406672,-2.9665612385893154,-2.809923483017453,0.4035384198094028,0,48,15.0,0.0,0.9329608938547486
2,always,0.0,aware,False,0.7,False,1.25,f0.03+sweep,0.0,113.41765557566674,0,29.0,0.9777550108310369,670.506471882679,0.3536486851045959,117.16765557566673,1377.719822715103,1.8667559495564807,-2.463340114440593,-2.440992824493057,0.3583442890921371,2,48,15.0,0.0,0.9329608938547486
3,always,0.0,aware,False,0.7,False,1.25,f0.03+sweep,0.0,133.39615112749144,0,29.0,0.98,673.4222518774849,0.16225187770588426,133.3961511274914,1399.4299846571625,0.5953905309611748,-3.1579462660143665,-2.7790864818227377,0.44337503774452197,2,48,15.0,0.0,0.9329608938547486
4,always,0.0,aware,False,0.7,False,1.25,f0.03+sweep,0.0,135.81850903675536,0,22.0,0.98,680.3519883173373,0.23198831756138505,139.56850903675536,1418.6302470733494,1.1486485501863637,-3.1313940941294898,-2.90767727159907,0.33462003269444884,2,48,15.0,0.0,0.9329608938547486
0,always,0.0,aware,False,0.7,False,1.25,f0.015+refill+sweep,7.772560249633909,142.78287475298157,0,25.5,0.98,676.9711663290985,0.28116632932111385,135.01031450334767,1407.7161072020526,1.3657219815881672,-2.975560624588521,-2.812714885486409,0.36854968604165267,0,48,15.0,0.0,0.9329608938547486
1,always,0.0,aware,False,0.7,False,1.25,f0.015+refill+sweep,6.4807251424268095,142.79169859698789,0,29.0,0.98,673.4346292337983,0.1746292340193993,140.06097345456106,1406.1180764141018,1.390146647171764,-3.0739335942839467,-2.917936946970022,0.3199100181242939,0,48,15.0,0.0,0.9329608938547486
2,always,0.0,aware,False,0.7,False,1.25,f0.015+refill+sweep,9.035904639667844,130.3985964303612,0,29.0,0.9778108897601794,670.5913432967745,0.34452664379057607,125.11269179069338,1385.8244171886292,1.8549017102619298,-2.63218583263855,-2.606514412306112,0.2974923780438848,2,48,15.0,0.0,0.9329608938547486
3,always,0.0,aware,False,0.7,False,1.25,f0.015+refill+sweep,9.318912049833095,150.27969587657182,0,29.0,0.98,673.4168273184752,0.15682731869615293,140.9607838267387,1406.9844191854718,0.5961481950258511,-3.3153303186874705,-2.9366829963903895,0.3831795392307619,2,48,15.0,0.0,0.9329608938547486
4,always,0.0,aware,False,0.7,False,1.25,f0.015+refill+sweep,5.5459834257046765,145.9904158427566,0,22.0,0.98,680.3388677639174,0.2188677641415405,144.19443241705198,1423.2315038132167,1.1504811363591938,-3.2272536095433892,-3.0040506753552485,0.2870254430644516,2,48,15.0,0.0,0.9329608938547486
0,always,0.0,aware,False,0.7,False,1.25,f0.03+refill,0.0,0.0,0,25.5,0.98,676.9867340646848,0.2967340649074583,103.43921135262075,1376.174271394228,1.3635475903057568,-2.3184390452588164,-2.1549835698462654,0.5503260957066917,0,48,15.0,0.0,0.9329608938547486
1,always,0.0,aware,False,0.7,False,1.25,f0.03+refill,0.24261716824213408,0.0,0,29.0,0.98,673.4509979552791,0.1909979555001459,109.3289980411151,1375.4168741970395,1.3878603798405917,-2.434325214761781,-2.2776874591898975,0.8311443366393955,0,48,15.0,0.0,0.9329608938547486
2,always,0.0,aware,False,0.7,False,1.25,f0.03+refill,0.0,0.0,0,29.0,0.9777895221892408,670.4724490145283,0.3536486851045959,92.08919108533019,1352.5773952326433,1.8715080233311143,-1.9395395418875854,-1.9185248142777123,0.5524629651469724,2,48,15.0,0.0,0.9329608938547486
3,always,0.0,aware,False,0.7,False,1.25,f0.03+refill,0.0,0.0,0,29.0,0.98,673.4222518774849,0.16225187770588426,103.65058900032672,1369.684422529998,0.5953905309611748,-2.5382470550317686,-2.1593872708401403,0.7214684248850508,2,48,15.0,0.0,0.9329608938547486
4,always,0.0,aware,False,0.7,False,1.25,f0.03+refill,0.0,0.0,0,22.0,0.98,680.3519883173373,0.23198831756138505,117.42080908960408,1396.4825471261981,1.148648550186417,-2.6699836785638227,-2.446266856033418,0.6010153852625434,2,48,15.0,0.0,0.9329608938547486
0,always,0.0,aware,False,0.7,True,1.25,f0.03+refill+sweep,0.0,0.0,0,,0.0,0.0,0.0,0.0,0.0,0.508642262701507,-0.40318547453703707,0.0,0.3125,0,48,15.0,0.0,0.9329608938547486
1,always,0.0,aware,False,0.7,True,1.25,f0.03+refill+sweep,0.0,0.0,0,,0.0,0.0,0.0,0.0,0.0,0.5227259500669266,-0.39923616898148145,-9.25185853854297e-18,0.3125,0,48,15.0,0.0,0.9329608938547486
2,always,0.0,aware,False,0.7,True,1.25,f0.03+refill+sweep,0.0,0.0,0,,0.0,0.0,0.0,0.0,0.0,0.5368096374323457,-0.3952868634259259,-9.25185853854297e-18,0.3125,2,48,15.0,0.0,0.9329608938547486
3,always,0.0,aware,False,0.7,True,1.25,f0.03+refill+sweep,0.0,0.0,0,,0.0,0.0,0.0,0.0,0.0,0.47256008845952374,-0.41330353009259263,-9.25185853854297e-18,0.3125,2,48,15.0,0.0,0.9329608938547486
4,always,0.0,aware,False,0.7,True,1.25,f0.03+refill+sweep,0.0,0.0,0,,0.0,0.0,0.0,0.0,0.0,0.4698830239189896,-0.41405422453703694,0.0,0.3125,2,48,15.0,0.0,0.9329608938547486
0,always,0.0,naive_whale,False,0.7,True,1.25,f0.03+refill+sweep,0.0,0.0,0,,0.0,0.0,0.0,0.0,0.0,0.508642262701507,-0.40318547453703707,0.0,0.6875,0,48,33.0,0.0,0.9329608938547486
1,always,0.0,naive_whale,False,0.7,True,1.25,f0.03+refill+sweep,0.0,0.0,0,,0.0,0.0,0.0,0.0,0.0,0.5227259500669266,-0.3992361689814814,0.0,0.6875,0,48,33.0,0.0,0.9329608938547486
2,always,0.0,naive_whale,False,0.7,True,1.25,f0.03+refill+sweep,0.0,0.0,0,,0.0,0.0,0.0,0.0,0.0,0.5368096374323457,-0.3952868634259259,0.0,0.6875,2,48,33.0,0.0,0.9329608938547486
3,always,0.0,naive_whale,False,0.7,True,1.25,f0.03+refill+sweep,0.0,0.0,0,,0.0,0.0,0.0,0.0,0.0,0.47256008845952374,-0.41330353009259263,0.0,0.6875,2,48,33.0,0.0,0.9329608938547486
4,always,0.0,naive_whale,False,0.7,True,1.25,f0.03+refill+sweep,0.0,0.0,0,,0.0,0.0,0.0,0.0,0.0,0.4698830239189896,-0.41405422453703694,0.0,0.6875,2,48,33.0,0.0,0.9329608938547486
0,always,0.0,naive_whale,False,0.5,False,1.25,f0.03+refill+sweep,49.073802876710396,282.5005894532111,0,29.0,0.98,673.5844782701523,0.3244782703733709,233.42678657650086,1499.7656057243871,1.579424556311701,-4.96597795491487,-4.863058053677098,9.554903603816483,0,48,33.0,0.0,0.9329608938547486
1,always,0.0,naive_whale,False,0.5,False,1.25,f0.03+refill+sweep,36.072251737421794,272.2150890842566,0,58.0,0.98,644.9017704966669,0.061770496875233956,244.39283734683488,1456.8081658805686,1.900701321509671,-5.1043458748348005,-5.091517444725725,9.15149619136771,0,48,33.0,0.0,0.9329608938547486
2,always,0.0,naive_whale,False,0.5,False,1.25,f0.03+refill+sweep,46.66134018975194,246.10095145675643,0,36.0,0.9355401168972282,623.3857780430138,0.48241683070697317,215.93961126700452,1387.9048739878704,7.852652778701057,-2.842541877067772,-4.498741901395927,9.194987532799574,2,48,33.0,0.0,0.9329608938547486
3,always,0.0,naive_whale,False,0.5,False,1.25,f0.03+refill+sweep,34.08039088209267,300.92189515928493,0,36.0,0.5983266172856652,556.6567719302016,0.2263074361958223,266.8415042771923,1313.3562355059712,11.328042097841347,-2.9284396864720263,-5.559198005774839,6.891261260168162,2,48,33.0,0.0,0.9329608938547486
4,always,0.0,naive_whale,False,0.5,False,1.25,f0.03+refill+sweep,34.30618919756337,298.9534936661743,0,29.0,0.5982864639382035,542.2043379708667,0.311620954163179,264.64730446861097,1283.9914598538403,20.24044630564635,-0.3835374159364662,-5.5134855097627264,9.369287448456134,2,48,33.0,0.0,0.9329608938547486
0,always,0.0,aware,False,0.35,False,1.25,f0.03+refill+sweep,79.2938436086077,76.06479087283867,0,89.0,0.09836543996294994,121.15894762307563,1.069768003969205,-3.2290527357690024,224.54976879561315,1.4960440961774775,-0.05902926889010399,0.06727193199518763,1.2261856956481705,0,48,15.0,0.0,0.9329608938547486
1,always,0.0,aware,False,0.35,False,1.25,f0.03+refill+sweep,63.22730533053655,83.87486125167291,0,61.0,0.98,494.2281082642159,0.10321384813806463,20.647555921136366,949.7963994578621,1.7638677859246397,-0.48135629658136253,-0.43015741502367444,0.9050659074813364,0,48,15.0,0.0,0.9329608938547486
2,always,0.0,aware,False,0.35,False,1.25,f0.03+refill+sweep,53.16529645816088,111.22519598577375,0,50.5,0.8074759323204848,501.3446057318879,0.15422453870977657,61.80989952761292,1004.337758303562,6.050570112508048,-0.13684085586521877,-1.2877062401586024,0.48813578179724226,2,48,15.0,0.0,0.9329608938547486
3,always,0.0,aware,False,0.35,False,1.25,f0.03+refill+sweep,70.15896361713496,71.8617446582546,0,50.0,0.1941523614443412,96.51486646244963,0.2377693031398377,1.7027810411196573,183.15072999052495,1.3504231211152404,-0.20261040489515839,-0.035474605023326077,1.0561850576016634,2,48,15.0,0.0,0.9329608938547486
4,always,0.0,aware,False,0.35,False,1.25,f0.03+refill+sweep,66.56736104461925,95.6901801855328,0,127.5,0.6295935251215387,349.7850543192335,0.14918446363019994,32.87281914091358,690.4687212610725,25.088510134079364,5.804577276969149,-0.6848503987690325,0.6683175794391197,2,48,15.0,0.0,0.9329608938547486
0,always,0.0,aware,False,0.35,False,1.5,f0.03+refill+sweep,79.2938436086077,76.06479087283867,0,89.0,0.09836543996294994,111.05518613385856,1.069768003969205,-3.2290527357690024,205.55469719588507,1.4700316172227204,-0.06632361056244457,0.06727193199518763,1.2261856956481705,0,48,15.0,0.0,0.9329608938547486
1,always,0.0,aware,False,0.35,False,1.5,f0.03+refill+sweep,63.22730533053655,83.87486125167291,0,138.5,0.98,467.25350178409525,1.263501784224439,20.647555921136366,899.0841392752353,1.7323864120271615,-0.49018420944281305,-0.43015741502367444,0.9050659074813364,0,48,15.0,0.0,0.9329608938547486
2,always,0.0,aware,False,0.35,False,1.5,f0.03+refill+sweep,53.16529645816088,111.22519598577375,0,221.0,0.8074759323204848,403.356349243571,2.0581573582616164,61.80989952761292,820.1198361055264,5.929276716248075,-0.17085358784888224,-1.2877062401586024,0.48813578179724226,1,48,15.0,0.0,0.9329608938547486
3,always,0.0,aware,False,0.35,False,1.5,f0.03+refill+sweep,70.15896361713496,71.8617446582546,0,240.0,0.17536718967352977,62.6360076610525,0.9607989652065793,1.7027810411196573,119.45847544389835,1.3018437766090414,-0.21623287961826643,-0.035474605023326077,1.0561850576016634,2,48,15.0,0.0,0.9329608938547486
4,always,0.0,aware,False,0.35,False,1.5,f0.03+refill+sweep,66.56736104461925,95.6901801855328,0,127.5,0.6295935251215387,343.52725860706346,0.14918446363019994,32.87281914091358,678.7040653221927,25.02511664686535,5.786800664584592,-0.6848503987690325,0.6683175794391197,2,48,15.0,0.0,0.9329608938547486
0,always,1.5,aware,False,0.35,False,1.25,f0.03+refill+sweep,79.2938436086077,76.06479087283867,0,89.0,0.09836543996294994,121.15894762307563,1.069768003969205,-3.2290527357690024,224.54976879561315,1.4960440961774775,-0.41362313738796647,0.06727193199518763,1.2261856956481705,0,48,15.0,0.0,0.9329608938547486
1,always,1.5,aware,False,0.35,False,1.25,f0.03+refill+sweep,63.22730533053655,83.87486125167291,0,61.0,0.98,494.2281082642159,0.10321384813806463,20.647555921136366,949.7963994578621,1.7638677859246397,-0.857677386899617,-0.43015741502367444,0.9050659074813364,0,48,15.0,0.0,0.9329608938547486
2,always,1.5,aware,False,0.35,False,1.25,f0.03+refill+sweep,53.16529645816088,111.22519598577375,0,50.5,0.8074759323204848,501.3446057318879,0.15422453870977657,61.80989952761292,1004.337758303562,6.050570112508048,-0.42304768437122603,-1.2877062401586024,0.48813578179724226,2,48,15.0,0.0,0.9329608938547486
3,always,1.5,aware,False,0.35,False,1.25,f0.03+refill+sweep,70.15896361713496,71.8617446582546,0,50.0,0.1941523614443412,96.51486646244963,0.2377693031398377,1.7027810411196573,183.15072999052495,1.3504231211152404,-0.492322079483154,-0.035474605023326077,1.0561850576016634,2,48,15.0,0.0,0.9329608938547486
4,always,1.5,aware,False,0.35,False,1.25,f0.03+refill+sweep,66.56736104461925,95.6901801855328,0,127.5,0.6295935251215387,349.7850543192335,0.14918446363019994,32.87281914091358,690.4687212610725,25.088510134079364,5.589151218472435,-0.6848503987690325,0.6683175794391197,2,48,15.0,0.0,0.9329608938547486
0,always,0.0,aware,False,0.4,False,1.25,f0.03+refill+sweep,66.1076644666951,104.08319707879528,0,86.0,0.596759776536313,527.8829380899062,1.1329380900624533,37.97553261210017,1030.3954562211238,1.5306377573095267,-0.9077574791499113,-0.7911569294187532,0.7794737165073721,0,48,15.0,0.0,0.9329608938547486
1,always,0.0,aware,False,0.4,False,1.25,f0.03+refill+sweep,47.0979728124645,93.75069483789022,0,61.0,0.98,571.608944780562,0.10321384813806463,46.65272202542573,1121.277538212882,1.7693378645306579,-1.0215966873122866,-0.9719317088630358,0.7104166627898936,0,48,15.0,0.0,0.9329608938547486
2,always,0.0,aware,False,0.4,False,1.25,f0.03+refill+sweep,46.12659018248526,106.11037913983805,0,50.5,0.832021231607993,521.9082143043615,0.15422453870977657,63.733788957352814,1044.9212318495524,5.436901918716983,-0.34900488807294455,-1.32778726994485,0.4970743374086959,2,48,15.0,0.0,0.9329608938547486
3,always,0.0,aware,False,0.4,False,1.25,f0.03+refill+sweep,44.7651117869036,119.90715072205951,0,50.5,0.858021551121322,484.4473118552043,0.29657799747390734,75.14203893515591,985.9029852229398,5.307481321508933,-0.622968500015307,-1.5654591444824144,0.8211468662446544,2,48,15.0,0.0,0.9329608938547486
4,always,0.0,aware,False,0.4,False,1.25,f0.03+refill+sweep,60.93622011165449,107.3836319258071,0,92.5,0.7935294545204434,534.9326267331661,0.5868963649271005,46.447411814152616,1052.120750072505,11.474695678316749,1.7042280656209936,-0.9676544127948459,0.8762955486790531,2,48,15.0,0.0,0.9329608938547486
0,always,0.0,aware,False,0.4,False,1.5,f0.03+refill+sweep,66.1076644666951,104.08319707879528,0,104.0,0.596759776536313,510.5818913519706,1.4718913521190897,37.97553261210017,997.8694883538049,1.527059346733033,-0.90876092635824,-0.7911569294187532,0.7794737165073721,0,48,15.0,0.0,0.9329608938547486
1,always,0.0,aware,False,0.4,False,1.5,f0.03+refill+sweep,47.0979728124645,93.75069483789022,0,119.5,0.98,558.1364639947577,1.006463994927411,46.65272202542573,1095.9492743355702,1.7682876338343743,-1.021891189868033,-0.9719317088630358,0.7104166627898936,0,48,15.0,0.0,0.9329608938547486
2,always,0.0,aware,False,0.4,False,1.5,f0.03+refill+sweep,46.12659018248526,106.11037913983805,0,221.0,0.832021231607993,407.95509522871197,2.2632947709279825,63.733788957352814,830.6893679873311,5.28695637845424,-0.39105216871937903,-1.32778726994485,0.4970743374086959,1,48,15.0,0.0,0.9329608938547486
3,always,0.0,aware,False,0.4,False,1.5,f0.03+refill+sweep,44.7651117869036,119.90715072205951,0,174.5,0.858021551121322,471.1571364220337,0.7188121485627293,75.14203893515591,960.9174554085791,5.256292416173688,-0.6373227399936576,-1.5654591444824144,0.8211468662446544,2,48,15.0,0.0,0.9329608938547486
4,always,0.0,aware,False,0.4,False,1.5,f0.03+refill+sweep,60.93622011165449,107.3836319258071,0,96.0,0.7935294545204434,511.80623491921784,0.656896364927099,46.447411814152616,1008.6431334622821,11.403424093231262,1.6842423005561935,-0.9676544127948459,0.8762955486790531,2,48,15.0,0.0,0.9329608938547486
0,always,1.5,aware,False,0.4,False,1.25,f0.03+refill+sweep,66.1076644666951,104.08319707879528,0,86.0,0.596759776536313,527.8829380899062,1.1329380900624533,37.97553261210017,1030.3954562211238,1.5306377573095267,-1.2376618423725798,-0.7911569294187532,0.7794737165073721,0,48,15.0,0.0,0.9329608938547486
1,always,1.5,aware,False,0.4,False,1.25,f0.03+refill+sweep,47.0979728124645,93.75069483789022,0,61.0,0.98,571.608944780562,0.10321384813806463,46.65272202542573,1121.277538212882,1.7693378645306579,-1.3492186976622136,-0.9719317088630358,0.7104166627898936,0,48,15.0,0.0,0.9329608938547486
2,always,1.5,aware,False,0.4,False,1.25,f0.03+refill+sweep,46.12659018248526,106.11037913983805,0,50.5,0.832021231607993,521.9082143043615,0.15422453870977657,63.733788957352814,1044.9212318495524,5.436901918716983,-0.6479215675329169,-1.32778726994485,0.4970743374086959,2,48,15.0,0.0,0.9329608938547486
3,always,1.5,aware,False,0.4,False,1.25,f0.03+refill+sweep,44.7651117869036,119.90715072205951,0,50.5,0.858021551121322,484.4473118552043,0.29657799747390734,75.14203893515591,985.9029852229398,5.307481321508933,-0.9015793609084071,-1.5654591444824144,0.8211468662446544,2,48,15.0,0.0,0.9329608938547486
4,always,1.5,aware,False,0.4,False,1.25,f0.03+refill+sweep,60.93622011165449,107.3836319258071,0,92.5,0.7935294545204434,534.9326267331661,0.5868963649271005,46.447411814152616,1052.120750072505,11.474695678316749,1.4659362676683727,-0.9676544127948459,0.8762955486790531,2,48,15.0,0.0,0.9329608938547486
0,always,0.0,aware,False,0.45,False,1.25,f0.03+refill+sweep,52.1074429728113,102.95847072545612,0,29.0,0.7883798882681564,625.0921708504551,0.34217085065457337,50.85102775264481,1226.0243089515002,1.5415695721601932,-1.172931494367781,-1.0593964115134331,0.769109096032262,0,48,15.0,0.0,0.9329608938547486
1,always,0.0,aware,False,0.45,False,1.25,f0.03+refill+sweep,28.673926189634233,113.39952889479193,0,61.0,0.98,642.0032138479311,0.10321384813806463,88.47560270515773,1295.441644739268,1.7845711903899821,-1.888635017724302,-1.843241723024119,0.5458823485964084,0,48,15.0,0.0,0.9329608938547486
2,always,0.0,aware,False,0.45,False,1.25,f0.03+refill+sweep,40.81440893852379,109.72681041457645,0,50.5,0.98,652.6074968275796,0.4174968277913183,72.66240147605265,1299.564495511902,1.7690745279230478,-1.5635388532655015,-1.5138000307510968,0.4700523471962499,2,48,15.0,0.0,0.9329608938547486
3,always,0.0,aware,False,0.45,False,1.25,f0.03+refill+sweep,41.14431802572413,119.91443451753621,0,50.5,0.8727537325977888,488.0709716626093,0.29657799747390734,78.77011649181208,996.3435432175174,4.843256009408966,-0.8287301249030213,-1.6410440935794182,0.7968794489176753,2,48,15.0,0.0,0.9329608938547486
4,always,0.0,aware,False,0.45,False,1.25,f0.03+refill+sweep,40.893596474274176,97.2965227974901,0,92.5,0.9799971330025703,588.5511697151705,0.5868963649271005,56.40292632321595,1162.8791253877364,3.9856365409722505,-0.6032380867826013,-1.1750609650669988,0.6955736970794527,2,48,15.0,0.0,0.9329608938547486
0,always,0.0,aware,False,0.45,False,1.5,f0.03+refill+sweep,52.1074429728113,102.95847072545612,0,36.0,0.7883798882681564,618.372170850458,0.4821708506545704,50.85102775264481,1213.3907089515058,1.5415695721601932,-1.172931494367781,-1.0593964115134331,0.769109096032262,0,48,15.0,0.0,0.9329608938547486
1,always,0.0,aware,False,0.45,False,1.5,f0.03+refill+sweep,28.673926189634233,113.39952889479193,0,119.5,0.98,585.6085095678008,1.0385095679826664,88.47560270515773,1189.4196006926231,1.7638117346705344,-1.8944563223071083,-1.843241723024119,0.5458823485964084,0,48,15.0,0.0,0.9329608938547486
2,always,0.0,aware,False,0.45,False,1.5,f0.03+refill+sweep,40.81440893852379,109.72681041457645,0,54.0,0.98,649.2463556882337,0.48635568844396254,72.66240147605265,1293.245550169932,1.7683027613184765,-1.5637552697521746,-1.5138000307510968,0.4700523471962499,1,48,15.0,0.0,0.9329608938547486
3,always,0.0,aware,False,0.45,False,1.5,f0.03+refill+sweep,41.14431802572413,119.91443451753621,0,174.5,0.8727537325977888,474.77699575031926,1.0527642620363586,78.77011649181208,971.3508685024121,4.792597928136668,-0.8429355127827396,-1.6410440935794182,0.7968794489176753,2,48,15.0,0.0,0.9329608938547486
4,always,0.0,aware,False,0.45,False,1.5,f0.03+refill+sweep,40.893596474274176,97.2965227974901,0,96.0,0.9799971330025703,564.6783314508272,0.656896364927099,56.40292632321595,1117.998189450771,3.9515803129807052,-0.6127880325403097,-1.1750609650669988,0.6955736970794527,2,48,15.0,0.0,0.9329608938547486
0,always,1.5,aware,False,0.45,False,1.25,f0.03+refill+sweep,52.1074429728113,102.95847072545612,0,29.0,0.7883798882681564,625.0921708504551,0.34217085065457337,50.85102775264481,1226.0243089515002,1.5415695721601932,-1.5058889612429056,-1.0593964115134331,0.769109096032262,0,48,15.0,0.0,0.9329608938547486
1,always,1.5,aware,False,0.45,False,1.25,f0.03+refill+sweep,28.673926189634233,113.39952889479193,0,61.0,0.98,642.0032138479311,0.10321384813806463,88.47560270515773,1295.441644739268,1.7845711903899821,-2.2076416985569742,-1.843241723024119,0.5458823485964084,0,48,15.0,0.0,0.9329608938547486
2,always,1.5,aware,False,0.45,False,1.25,f0.03+refill+sweep,40.81440893852379,109.72681041457645,0,50.5,0.98,652.6074968275796,0.4174968277913183,72.66240147605265,1299.564495511902,1.7690745279230478,-1.8606669359842851,-1.5138000307510968,0.4700523471962499,2,48,15.0,0.0,0.9329608938547486
3,always,1.5,aware,False,0.45,False,1.25,f0.03+refill+sweep,41.14431802572413,119.91443451753621,0,50.5,0.8727537325977888,488.0709716626093,0.29657799747390734,78.77011649181208,996.3435432175174,4.843256009408966,-1.084188283553773,-1.6410440935794182,0.7968794489176753,2,48,15.0,0.0,0.9329608938547486
4,always,1.5,aware,False,0.45,False,1.25,f0.03+refill+sweep,40.893596474274176,97.2965227974901,0,92.5,0.9799971330025703,588.5511697151705,0.5868963649271005,56.40292632321595,1162.8791253877364,3.9856365409722505,-0.8079708130406819,-1.1750609650669988,0.6955736970794527,2,48,15.0,0.0,0.9329608938547486
0,always,0.0,aware,False,0.5,False,1.25,f0.03+refill+sweep,45.761198761488814,119.49724110722212,0,29.0,0.98,673.6110128559359,0.3510128561570529,73.73604234573332,1340.1247465148926,1.5757183929012641,-1.6401267213837538,-1.536167548869444,0.7842748473334655,0,48,15.0,0.0,0.9329608938547486
1,always,0.0,aware,False,0.5,False,1.25,f0.03+refill+sweep,33.2865127828515,118.14127091528637,0,58.0,0.98,644.9438544143242,0.10385441453249256,88.60475813243484,1301.0992044313641,1.7844817206030426,-1.8913508446430622,-1.8459324610923924,0.4908804801870054,0,48,15.0,0.0,0.9329608938547486
2,always,0.0,aware,False,0.5,False,1.25,f0.03+refill+sweep,41.49736953109964,96.03154451920611,0,36.0,0.98,666.8936486848864,0.4936486851045929,58.28417498810647,1312.044234515693,1.7757808971510916,-1.2621118880669913,-1.2142536455855513,0.5760633576665375,2,48,15.0,0.0,0.9329608938547486
3,always,0.0,aware,False,0.5,False,1.25,f0.03+refill+sweep,32.14716331637082,125.6428559882045,0,36.0,0.8937410399247161,609.5418980241096,0.23225187770588285,93.49569267183367,1239.4344609571597,3.9414214480502188,-1.38840271670482,-1.947826930663201,0.6478169489176753,2,48,15.0,0.0,0.9329608938547486
4,always,0.0,aware,False,0.5,False,1.25,f0.03+refill+sweep,31.69447471687815,127.39348083321065,0,29.0,0.98,673.5910489944387,0.3310489946597433,95.69900611633248,1362.0501782258768,1.373536775465226,-2.15438363202921,-1.9937292940902605,0.4397330937031923,2,48,15.0,0.0,0.9329608938547486
0,always,0.0,aware,False,0.5,False,1.5,f0.03+refill+sweep,45.761198761488814,119.49724110722212,0,29.0,0.98,673.6110128559359,0.3510128561570529,73.73604234573332,1340.1247465148926,1.5757183929012641,-1.6401267213837538,-1.536167548869444,0.7842748473334655,0,48,15.0,0.0,0.9329608938547486
1,always,0.0,aware,False,0.5,False,1.5,f0.03+refill+sweep,33.2865127828515,118.14127091528637,0,58.0,0.98,644.9438544143242,0.10385441453249256,88.60475813243484,1301.0992044313641,1.7844817206030426,-1.8913508446430622,-1.8459324610923924,0.4908804801870054,0,48,15.0,0.0,0.9329608938547486
2,always,0.0,aware,False,0.5,False,1.5,f0.03+refill+sweep,41.49736953109964,96.03154451920611,0,36.0,0.98,666.8936486848864,0.4936486851045929,58.28417498810647,1312.044234515693,1.7757808971510916,-1.2621118880669913,-1.2142536455855513,0.5760633576665375,1,48,15.0,0.0,0.9329608938547486
3,always,0.0,aware,False,0.5,False,1.5,f0.03+refill+sweep,32.14716331637082,125.6428559882045,0,36.0,0.8937410399247161,609.5418980241096,0.23225187770588285,93.49569267183367,1239.4344609571597,3.9414214480502188,-1.38840271670482,-1.947826930663201,0.6478169489176753,2,48,15.0,0.0,0.9329608938547486
4,always,0.0,aware,False,0.5,False,1.5,f0.03+refill+sweep,31.69447471687815,127.39348083321065,0,29.0,0.98,673.5910489944387,0.3310489946597433,95.69900611633248,1362.0501782258768,1.373536775465226,-2.15438363202921,-1.9937292940902605,0.4397330937031923,2,48,15.0,0.0,0.9329608938547486
0,always,1.5,aware,False,0.5,False,1.25,f0.03+refill+sweep,45.761198761488814,119.49724110722212,0,29.0,0.98,673.6110128559359,0.3510128561570529,73.73604234573332,1340.1247465148926,1.5757183929012641,-1.9452892936085815,-1.536167548869444,0.7842748473334655,0,48,15.0,0.0,0.9329608938547486
1,always,1.5,aware,False,0.5,False,1.25,f0.03+refill+sweep,33.2865127828515,118.14127091528637,0,58.0,0.98,644.9438544143242,0.10385441453249256,88.60475813243484,1301.0992044313641,1.7844817206030426,-2.18364859810716,-1.8459324610923924,0.4908804801870054,0,48,15.0,0.0,0.9329608938547486
2,always,1.5,aware,False,0.5,False,1.25,f0.03+refill+sweep,41.49736953109964,96.03154451920611,0,36.0,0.98,666.8936486848864,0.4936486851045929,58.28417498810647,1312.044234515693,1.7757808971510916,-1.6501096909765876,-1.2142536455855513,0.5760633576665375,2,48,15.0,0.0,0.9329608938547486
3,always,1.5,aware,False,0.5,False,1.25,f0.03+refill+sweep,32.14716331637082,125.6428559882045,0,36.0,0.8937410399247161,609.5418980241096,0.23225187770588285,93.49569267183367,1239.4344609571597,3.9414214480502188,-1.6027484381197405,-1.947826930663201,0.6478169489176753,2,48,15.0,0.0,0.9329608938547486
4,always,1.5,aware,False,0.5,False,1.25,f0.03+refill+sweep,31.69447471687815,127.39348083321065,0,29.0,0.98,673.5910489944387,0.3310489946597433,95.69900611633248,1362.0501782258768,1.373536775465226,-2.3441722120472197,-1.9937292940902605,0.4397330937031923,2,48,15.0,0.0,0.9329608938547486
0,always,0.0,aware,False,0.55,False,1.25,f0.03+refill+sweep,30.02443567615435,130.53609738017403,0,29.0,0.98,673.6110128559359,0.3510128561570529,100.51166170401972,1366.900365873179,1.5757183929012142,-2.1979521246814007,-2.0939929521670764,0.6561117215553196,0,48,15.0,0.0,0.9329608938547486
1,always,0.0,aware,False,0.55,False,1.25,f0.03+refill+sweep,32.47313599784606,119.73413381978081,0,58.0,0.98,644.9438544143242,0.10385441453249256,91.01099782193471,1303.505444120864,1.7844817206030368,-1.941480838174311,-1.89606245462364,0.48597688990947807,0,48,15.0,0.0,0.9329608938547486
2,always,0.0,aware,False,0.55,False,1.25,f0.03+refill+sweep,17.663582754174485,124.48037215794608,0,36.0,0.9774744610433521,660.420700336346,0.4936486851045929,106.81678940377164,1348.4077060361021,2.6742896579456352,-2.0212508780716703,-2.2253497792452417,0.5384046141500596,2,48,15.0,0.0,0.9329608938547486
3,always,0.0,aware,False,0.55,False,1.25,f0.03+refill+sweep,29.349463072155608,125.02505568879766,0,36.0,0.98,666.6322518774879,0.23225187770588285,95.67559261664204,1348.944226146319,1.7848219457316632,-2.038564491482761,-1.9932415128467094,0.6331997098740388,2,48,15.0,0.0,0.9329608938547486
4,always,0.0,aware,False,0.55,False,1.25,f0.03+refill+sweep,30.61377121472067,133.4247205829477,0,29.0,0.8724047457743511,654.3314984880959,0.3310489946597433,106.56094936822706,1336.704166525847,4.063574674280087,-1.626341721610075,-2.22001977850473,0.4366940367844145,2,48,15.0,0.0,0.9329608938547486
0,always,0.0,aware,False,0.55,False,1.5,f0.03+refill+sweep,30.02443567615435,130.53609738017403,0,29.0,0.98,673.6110128559359,0.3510128561570529,100.51166170401972,1366.900365873179,1.5757183929012142,-2.1979521246814007,-2.0939929521670764,0.6561117215553196,0,48,15.0,0.0,0.9329608938547486
1,always,0.0,aware,False,0.55,False,1.5,f0.03+refill+sweep,32.47313599784606,119.73413381978081,0,58.0,0.98,644.9438544143242,0.10385441453249256,91.01099782193471,1303.505444120864,1.7844817206030368,-1.941480838174311,-1.89606245462364,0.48597688990947807,0,48,15.0,0.0,0.9329608938547486
2,always,0.0,aware,False,0.55,False,1.5,f0.03+refill+sweep,17.663582754174485,124.48037215794608,0,36.0,0.9800000000000002,666.8936486848864,0.4936486851045929,106.81678940377164,1360.5768489313582,1.7701939798491015,-2.27477468839335,-2.2253497792452417,0.5384046141500596,1,48,15.0,0.0,0.9329608938547486
3,always,0.0,aware,False,0.55,False,1.5,f0.03+refill+sweep,29.349463072155608,125.02505568879766,0,36.0,0.98,666.6322518774879,0.23225187770588285,95.67559261664204,1348.944226146319,1.7848219457316632,-2.038564491482761,-1.9932415128467094,0.6331997098740388,2,48,15.0,0.0,0.9329608938547486
4,always,0.0,aware,False,0.55,False,1.5,f0.03+refill+sweep,30.61377121472067,133.4247205829477,0,29.0,0.8724047457743511,654.3314984880959,0.3310489946597433,106.56094936822706,1336.704166525847,4.063574674280087,-1.626341721610075,-2.22001977850473,0.4366940367844145,2,48,15.0,0.0,0.9329608938547486
0,always,1.5,aware,False,0.55,False,1.25,f0.03+refill+sweep,30.02443567615435,130.53609738017403,0,29.0,0.98,673.6110128559359,0.3510128561570529,100.51166170401972,1366.900365873179,1.5757183929012142,-2.4891684475988485,-2.0939929521670764,0.6561117215553196,0,48,15.0,0.0,0.9329608938547486
1,always,1.5,aware,False,0.55,False,1.25,f0.03+refill+sweep,32.47313599784606,119.73413381978081,0,58.0,0.98,644.9438544143242,0.10385441453249256,91.01099782193471,1303.505444120864,1.7844817206030368,-2.271129504452846,-1.89606245462364,0.48597688990947807,0,48,15.0,0.0,0.9329608938547486
2,always,1.5,aware,False,0.55,False,1.25,f0.03+refill+sweep,17.663582754174485,124.48037215794608,0,36.0,0.9774744610433521,660.420700336346,0.4936486851045929,106.81678940377164,1348.4077060361021,2.6742896579456352,-2.336749679940078,-2.2253497792452417,0.5384046141500596,2,48,15.0,0.0,0.9329608938547486
3,always,1.5,aware,False,0.55,False,1.25,f0.03+refill+sweep,29.349463072155608,125.02505568879766,0,36.0,0.98,666.6322518774879,0.23225187770588285,95.67559261664204,1348.944226146319,1.7848219457316632,-2.324741396390131,-1.9932415128467094,0.6331997098740388,2,48,15.0,0.0,0.9329608938547486
4,always,1.5,aware,False,0.55,False,1.25,f0.03+refill+sweep,30.61377121472067,133.4247205829477,0,29.0,0.8724047457743511,654.3314984880959,0.3310489946597433,106.56094936822706,1336.704166525847,4.063574674280087,-1.855806141187255,-2.22001977850473,0.4366940367844145,2,48,15.0,0.0,0.9329608938547486
0,always,0.0,aware,False,0.6,False,1.25,f0.03+refill+sweep,26.783660743643328,135.47877649937092,0,25.5,0.9800000000000002,676.986524290672,0.29652429089457644,108.69511575572758,1381.4297814221907,1.5395647850695655,-2.3785788375081096,-2.264481578244325,0.6378442299244496,0,48,15.0,0.0,0.9329608938547486
1,always,0.0,aware,False,0.6,False,1.25,f0.03+refill+sweep,25.364135467575615,112.38220522728717,0,71.5,0.98,631.9819381666128,0.3719381668153836,90.76806975971157,1278.8941135129435,1.7805591805646577,-1.9375197838424176,-1.8910014533273245,0.4461990780039005,0,48,15.0,0.0,0.9329608938547486
2,always,0.0,aware,False,0.6,False,1.25,f0.03+refill+sweep,19.585536404206547,122.6499937618787,0,36.0,0.98,666.8936486848864,0.4936486851045929,106.81445735767218,1360.5745168852586,1.7701939798491835,-2.2747261040995883,-2.2253011949515034,0.43088058797660606,2,48,15.0,0.0,0.9329608938547486
3,always,0.0,aware,False,0.6,False,1.25,f0.03+refill+sweep,17.69601953646565,134.90869278098177,0,36.0,0.98,666.6322518774879,0.23225187770588285,117.21267324451607,1370.481306774193,1.7848219457314507,-2.4872536712301967,-2.441930692594085,0.521214687957131,2,48,15.0,0.0,0.9329608938547486
4,always,0.0,aware,False,0.6,False,1.25,f0.03+refill+sweep,27.096213089668133,138.47897259744425,0,29.0,0.896239713430663,658.5979576985934,0.3310489946597433,115.13275950777611,1353.2969199811316,3.3270617193159056,-2.0114518630388845,-2.3985991564120024,0.37489595084581984,2,48,15.0,0.0,0.9329608938547486
0,always,0.0,aware,False,0.6,False,1.5,f0.03+refill+sweep,26.783660743643328,135.47877649937092,0,29.0,0.9800000000000002,673.6104444078182,0.3504444080393887,108.69511575572758,1375.0827512424257,1.5348270628355227,-2.379907375429615,-2.264481578244325,0.6378442299244496,0,48,15.0,0.0,0.9329608938547486
1,always,0.0,aware,False,0.6,False,1.5,f0.03+refill+sweep,25.364135467575615,112.38220522728717,0,75.0,0.98,628.6219381666143,0.4419381668153821,90.76806975971157,1272.5773135129464,1.7805591805646577,-1.9375197838424176,-1.8910014533273245,0.4461990780039005,0,48,15.0,0.0,0.9329608938547486
2,always,0.0,aware,False,0.6,False,1.5,f0.03+refill+sweep,19.585536404206547,122.6499937618787,0,36.0,0.98,666.8936486848864,0.4936486851045929,106.81445735767218,1360.5745168852586,1.7701939798491835,-2.2747261040995883,-2.2253011949515034,0.43088058797660606,1,48,15.0,0.0,0.9329608938547486
3,always,0.0,aware,False,0.6,False,1.5,f0.03+refill+sweep,17.69601953646565,134.90869278098177,0,36.0,0.98,666.6322518774879,0.23225187770588285,117.21267324451607,1370.481306774193,1.7848219457314507,-2.4872536712301967,-2.441930692594085,0.521214687957131,2,48,15.0,0.0,0.9329608938547486
4,always,0.0,aware,False,0.6,False,1.5,f0.03+refill+sweep,27.096213089668133,138.47897259744425,0,29.0,0.896239713430663,658.5979576985934,0.3310489946597433,115.13275950777611,1353.2969199811316,3.3270617193159056,-2.0114518630388845,-2.3985991564120024,0.37489595084581984,2,48,15.0,0.0,0.9329608938547486
0,always,1.5,aware,False,0.6,False,1.25,f0.03+refill+sweep,26.783660743643328,135.47877649937092,0,25.5,0.9800000000000002,676.986524290672,0.29652429089457644,108.69511575572758,1381.4297814221907,1.5395647850695655,-2.653915065111436,-2.264481578244325,0.6378442299244496,0,48,15.0,0.0,0.9329608938547486
1,always,1.5,aware,False,0.6,False,1.25,f0.03+refill+sweep,25.364135467575615,112.38220522728717,0,71.5,0.98,631.9819381666128,0.3719381668153836,90.76806975971157,1278.8941135129435,1.7805591805646577,-2.183198458020554,-1.8910014533273245,0.4461990780039005,0,48,15.0,0.0,0.9329608938547486
2,always,1.5,aware,False,0.6,False,1.25,f0.03+refill+sweep,19.585536404206547,122.6499937618787,0,36.0,0.98,666.8936486848864,0.4936486851045929,106.81445735767218,1360.5745168852586,1.7701939798491835,-2.5470438226739316,-2.2253011949515034,0.43088058797660606,2,48,15.0,0.0,0.9329608938547486
3,always,1.5,aware,False,0.6,False,1.25,f0.03+refill+sweep,17.69601953646565,134.90869278098177,0,36.0,0.98,666.6322518774879,0.23225187770588285,117.21267324451607,1370.481306774193,1.7848219457314507,-2.7057785831282817,-2.441930692594085,0.521214687957131,2,48,15.0,0.0,0.9329608938547486
4,always,1.5,aware,False,0.6,False,1.25,f0.03+refill+sweep,27.096213089668133,138.47897259744425,0,29.0,0.896239713430663,658.5979576985934,0.3310489946597433,115.13275950777611,1353.2969199811316,3.3270617193159056,-2.2013704813452204,-2.3985991564120024,0.37489595084581984,2,48,15.0,0.0,0.9329608938547486
